"H","2025/09/11"
"［データ区分］","［伝票日付］","［伝票No］","［取引状態］","［自社コード］","［自社会員名］","［自社担当者］","［取引先コード］","［取引先名］","［納品場所コード］","［納品場所名］","［納品場所 住所］","［マイカタログID］","［自社管理商品コード］","［商品名］","［規格］","［入数］","［入数単位］","［単価］","［数量］","［単位］","［金額］","［消費税］","［小計］","［課税区分］","［税区分］","［合計 商品本体］","［合計 商品消費税］","［合計 送料本体］","［合計 送料消費税］","［合計 その他］","［総合計］","［発注日］","［発送日］","［納品日］","［受領日］","［取引ID_SYSTEM］","［伝票明細ID_SYSTEM］","［発注送信日］","［発注送信時間］","［送信日］","［送信時間］"
"D","2025/08/01","479875","受領","1000020","ｃａｖａｃａｖａ（株式会社ワルツ）","前島　瑞","","ＢＭＯ株式会社","","-既定納品場所-","東京都新宿区荒木町9-7ナオビル1階","200090646","","ｳﾞｧﾗﾝﾀﾝ･ｳﾞｧﾙｽ　ｼﾞｭﾈｽ･ｴﾃﾙﾈﾙ","","0.00","未指定","3168.00","3.00","本","9504","0","9504","","外税","23470","0","0","0","0","23470","","2025/08/01","2025/08/01","2025/08/01","1667505484","1","","","2025/08/02","19:48"
"D","2025/08/01","479875","受領","1000020","ｃａｖａｃａｖａ（株式会社ワルツ）","前島　瑞","","ＢＭＯ株式会社","","-既定納品場所-","東京都新宿区荒木町9-7ナオビル1階","200090648","","ｳﾞｧﾗﾝﾀﾝ･ｳﾞｧﾙｽ　ﾎﾞﾝｼﾞｭｰﾙ","","0.00","本","4092.00","3.00","本","12276","0","12276","","外税","","","","","","","","2025/08/01","2025/08/01","2025/08/01","1667505484","2","","","2025/08/02","19:48"
"D","2025/08/01","479875","受領","1000020","ｃａｖａｃａｖａ（株式会社ワルツ）","前島　瑞","","ＢＭＯ株式会社","","-既定納品場所-","東京都新宿区荒木町9-7ナオビル1階","55722566","","送料","","1.00","個","890.00","1.00","個","890","0","890","","外税","","","","","","","","2025/08/01","2025/08/01","2025/08/01","1667505484","3","","","2025/08/02","19:48"
"D","2025/08/01","479875","受領","1000020","ｃａｖａｃａｖａ（株式会社ワルツ）","前島　瑞","","ＢＭＯ株式会社","","-既定納品場所-","東京都新宿区荒木町9-7ナオビル1階","55722637","","クール代金","","0.00","未指定","800.00","1.00","個","800","0","800","","外税","","","","","","","","2025/08/01","2025/08/01","2025/08/01","1667505484","4","","","2025/08/02","19:48"
"D","2025/08/01","481330","受領","1000020","ｃａｖａｃａｖａ（株式会社ワルツ）","前島　瑞","","株式会社ミレジム","","-既定納品場所-","東京都新宿区荒木町9-7ナオビル1階","201092947","","Eau de Vie de Marc Assemblage 2009/2010/2015 Claude Dugat","700ml","0.00","本","22800.00","1.00","本","22800","0","22800","","外税","22800","2280","0","0","0","25080","","2025/07/31","2025/08/01","2025/08/01","1670649957","1","","","2025/08/02","19:48"
"D","2025/08/01","481386","受領","1000020","ｃａｖａｃａｖａ（株式会社ワルツ）","前島　瑞","","株式会社カクヤス","","-既定納品場所-","東京都新宿区荒木町9-7ナオビル1階","94928124","","サッポロ  ラガー  中瓶（赤星）　500ML","500ML×20","20.00","本","288.00","6.00","本","1728","0","1728","","外税","9027","0","0","0","0","9027","2025/07/31","2025/08/01","2025/08/01","2025/08/01","1670759532","1","2025/07/31","18:33","2025/08/02","19:48"
"D","2025/08/01","481386","受領","1000020","ｃａｖａｃａｖａ（株式会社ワルツ）","前島　瑞","","株式会社カクヤス","","-既定納品場所-","東京都新宿区荒木町9-7ナオビル1階","55950645","","ウィルキンソン タンサン　ペット 500ML","500ＭＬ × 1本","24.00","本","119.00","3.00","本","357","0","357","","外税","","","","","","","2025/07/31","2025/08/01","2025/08/01","2025/08/01","1670759532","2","2025/07/31","18:33","2025/08/02","19:48"
"D","2025/08/01","481386","受領","1000020","ｃａｖａｃａｖａ（株式会社ワルツ）","前島　瑞","","株式会社カクヤス","","-既定納品場所-","東京都新宿区荒木町9-7ナオビル1階","170162376","","アクアパンナ瓶　750ML","７５０ML","12.00","本","370.00","9.00","本","3330","0","3330","","外税","","","","","","","2025/07/31","2025/08/01","2025/08/01","2025/08/01","1670759532","3","2025/07/31","18:33","2025/08/02","19:48"
"D","2025/08/01","481386","受領","1000020","ｃａｖａｃａｖａ（株式会社ワルツ）","前島　瑞","","株式会社カクヤス","","-既定納品場所-","東京都新宿区荒木町9-7ナオビル1階","65367630","","サンヘﾟレクﾞリノ  瓶  750（新）　750ML","750ML×12","1.00","本","370.00","9.00","本","3330","0","3330","","外税","","","","","","","2025/07/31","2025/08/01","2025/08/01","2025/08/01","1670759532","4","2025/07/31","18:33","2025/08/02","19:48"
"D","2025/08/01","481386","受領","1000020","ｃａｖａｃａｖａ（株式会社ワルツ）","前島　瑞","","株式会社カクヤス","","-既定納品場所-","東京都新宿区荒木町9-7ナオビル1階","63263687","","ティーランド　アイス　ティー　ダージリン 無糖　パック 1Ｌ","1Ｌ","12.00","本","282.00","1.00","本","282","0","282","","外税","","","","","","","2025/07/31","2025/08/01","2025/08/01","2025/08/01","1670759532","5","2025/07/31","18:33","2025/08/02","19:48"
"D","2025/08/01","481410","受領","1000020","ｃａｖａｃａｖａ（株式会社ワルツ）","前島　瑞","","株式会社武蔵屋","","-既定納品場所-","東京都新宿区荒木町9-7ナオビル1階","168643516","","サンデマン　ルビー・ポート","750ml","1.00","本","2150.00","1.00","本","2150","215","2365","","外税","2850","271","0","0","0","3121","2025/07/31","2025/08/01","2025/08/01","2025/08/01","1670804791","1","2025/07/31","20:23","2025/08/02","19:48"
"D","2025/08/01","481410","受領","1000020","ｃａｖａｃａｖａ（株式会社ワルツ）","前島　瑞","","株式会社武蔵屋","","-既定納品場所-","東京都新宿区荒木町9-7ナオビル1階","56151787","","フィーバーツリー　ジンジャービア","200ml","24.00","本","175.00","2.00","本","350","28","378","","外税","","","","","","","2025/07/31","2025/08/01","2025/08/01","2025/08/01","1670804791","2","2025/07/31","20:23","2025/08/02","19:48"
"D","2025/08/01","481410","受領","1000020","ｃａｖａｃａｖａ（株式会社ワルツ）","前島　瑞","","株式会社武蔵屋","","-既定納品場所-","東京都新宿区荒木町9-7ナオビル1階","97806099","","フィーバーツリー　ジンジャーエール","200ml","24.00","本","175.00","2.00","本","350","28","378","","外税","","","","","","","2025/07/31","2025/08/01","2025/08/01","2025/08/01","1670804791","3","2025/07/31","20:23","2025/08/02","19:48"
"D","2025/08/01","481495","受領","1000020","ｃａｖａｃａｖａ（株式会社ワルツ）","細川大地","","株式会社ｅｆｆ","","-既定納品場所-","東京都新宿区荒木町9-7ナオビル1階","64596999","","大葉　バラ","10枚","0.00","束","80.00","4.00","束","320","25","345","","外税","1940","153","0","0","0","2093","2025/07/31","2025/08/01","2025/08/01","2025/08/01","1670880834","1","2025/07/31","22:20","2025/08/02","19:48"
"D","2025/08/01","481495","受領","1000020","ｃａｖａｃａｖａ（株式会社ワルツ）","細川大地","","株式会社ｅｆｆ","","-既定納品場所-","東京都新宿区荒木町9-7ナオビル1階","64597004","","玉ねぎ","","0.00","kg","250.00","2.24","kg","560","44","604","","外税","","","","","","","2025/07/31","2025/08/01","2025/08/01","2025/08/01","1670880834","2","2025/07/31","22:20","2025/08/02","19:48"
"D","2025/08/01","481495","受領","1000020","ｃａｖａｃａｖａ（株式会社ワルツ）","細川大地","","株式会社ｅｆｆ","","-既定納品場所-","東京都新宿区荒木町9-7ナオビル1階","154756350","","マイクロ人参葉/キャロットリーフ","","0.00","PC","380.00","1.00","PC","380","30","410","","外税","","","","","","","2025/07/31","2025/08/01","2025/08/01","2025/08/01","1670880834","3","2025/07/31","22:20","2025/08/02","19:48"
"D","2025/08/01","481495","受領","1000020","ｃａｖａｃａｖａ（株式会社ワルツ）","細川大地","","株式会社ｅｆｆ","","-既定納品場所-","東京都新宿区荒木町9-7ナオビル1階","65223299","","にんじん","","0.00","kg","250.00","0.60","kg","150","12","162","","外税","","","","","","","2025/07/31","2025/08/01","2025/08/01","2025/08/01","1670880834","4","2025/07/31","22:20","2025/08/02","19:48"
"D","2025/08/01","481495","受領","1000020","ｃａｖａｃａｖａ（株式会社ワルツ）","細川大地","","株式会社ｅｆｆ","","-既定納品場所-","東京都新宿区荒木町9-7ナオビル1階","64597028","","クレソン","","0.00","束","180.00","1.00","束","180","14","194","","外税","","","","","","","2025/07/31","2025/08/01","2025/08/01","2025/08/01","1670880834","5","2025/07/31","22:20","2025/08/02","19:48"
"D","2025/08/01","481495","受領","1000020","ｃａｖａｃａｖａ（株式会社ワルツ）","細川大地","","株式会社ｅｆｆ","","-既定納品場所-","東京都新宿区荒木町9-7ナオビル1階","64597087","","玉子　パック","Lサイズ","0.00","PC","350.00","1.00","PC","350","28","378","","外税","","","","","","","2025/07/31","2025/08/01","2025/08/01","2025/08/01","1670880834","6","2025/07/31","22:20","2025/08/02","19:48"
"D","2025/08/01","481496","受領","1000020","ｃａｖａｃａｖａ（株式会社ワルツ）","細川大地","","株式会社ｅｆｆ","","-既定納品場所-","東京都新宿区荒木町9-7ナオビル1階","64596656","","米なす","","0.00","個","200.00","2.00","個","400","32","432","","外税","3448","275","0","0","0","3723","2025/07/31","2025/08/01","2025/08/01","2025/08/01","1670882296","1","2025/07/31","22:22","2025/08/02","19:48"
"D","2025/08/01","481496","受領","1000020","ｃａｖａｃａｖａ（株式会社ワルツ）","細川大地","","株式会社ｅｆｆ","","-既定納品場所-","東京都新宿区荒木町9-7ナオビル1階","64597043","","万願寺とうがらし","","0.00","kg","3800.00","0.31","kg","1178","94","1272","","外税","","","","","","","2025/07/31","2025/08/01","2025/08/01","2025/08/01","1670882296","2","2025/07/31","22:22","2025/08/02","19:48"
"D","2025/08/01","481496","受領","1000020","ｃａｖａｃａｖａ（株式会社ワルツ）","細川大地","","株式会社ｅｆｆ","","-既定納品場所-","東京都新宿区荒木町9-7ナオビル1階","64597029","","赤水菜","","0.00","PC","350.00","1.00","PC","350","28","378","","外税","","","","","","","2025/07/31","2025/08/01","2025/08/01","2025/08/01","1670882296","3","2025/07/31","22:22","2025/08/02","19:48"
"D","2025/08/01","481496","受領","1000020","ｃａｖａｃａｖａ（株式会社ワルツ）","細川大地","","株式会社ｅｆｆ","","-既定納品場所-","東京都新宿区荒木町9-7ナオビル1階","134672870","","ピーテンドリル","","0.00","PC","380.00","1.00","PC","380","30","410","","外税","","","","","","","2025/07/31","2025/08/01","2025/08/01","2025/08/01","1670882296","4","2025/07/31","22:22","2025/08/02","19:48"
"D","2025/08/01","481496","受領","1000020","ｃａｖａｃａｖａ（株式会社ワルツ）","細川大地","","株式会社ｅｆｆ","","-既定納品場所-","東京都新宿区荒木町9-7ナオビル1階","64596634","","甘長とうがらし/美少年","","0.00","kg","2300.00","0.30","kg","690","55","745","","外税","","","","","","","2025/07/31","2025/08/01","2025/08/01","2025/08/01","1670882296","5","2025/07/31","22:22","2025/08/02","19:48"
"D","2025/08/01","481496","受領","1000020","ｃａｖａｃａｖａ（株式会社ワルツ）","細川大地","","株式会社ｅｆｆ","","-既定納品場所-","東京都新宿区荒木町9-7ナオビル1階","124647016","","ペンタス　赤","","0.00","PC","450.00","1.00","PC","450","36","486","","外税","","","","","","","2025/07/31","2025/08/01","2025/08/01","2025/08/01","1670882296","6","2025/07/31","22:22","2025/08/02","19:48"
"D","2025/08/01","481745","受領","1000020","ｃａｖａｃａｖａ（株式会社ワルツ）","前島　瑞","","有限会社ミナト商会","","-既定納品場所-","東京都新宿区荒木町9-7ナオビル1階","64672280","","モンサンミッシェル　ムール貝","不定貫","0.00","kg","3700.00","1.00","PC","3700","0","3700","","外税","3700","0","0","0","0","3700","","2025/08/01","2025/08/01","2025/08/01","1671258456","1","","","2025/08/02","19:48"
"D","2025/08/04","482012","受領","1000020","ｃａｖａｃａｖａ（株式会社ワルツ）","前島　瑞","","株式会社穂高リネンサプライ","","-既定納品場所-","東京都新宿区荒木町9-7ナオビル1階","66106839","","Ｙシャツ","","0.00","枚","135.00","1.00","枚","135","0","135","","外税","735","0","0","0","0","735","","2025/08/04","2025/08/04","2025/08/04","1671723800","1","","","2025/08/06","13:58"
"D","2025/08/04","482012","受領","1000020","ｃａｖａｃａｖａ（株式会社ワルツ）","前島　瑞","","株式会社穂高リネンサプライ","","-既定納品場所-","東京都新宿区荒木町9-7ナオビル1階","66010254","","コックコート","","0.00","未指定","145.00","1.00","枚","145","0","145","","外税","","","","","","","","2025/08/04","2025/08/04","2025/08/04","1671723800","2","","","2025/08/06","13:58"
"D","2025/08/04","482012","受領","1000020","ｃａｖａｃａｖａ（株式会社ワルツ）","前島　瑞","","株式会社穂高リネンサプライ","","-既定納品場所-","東京都新宿区荒木町9-7ナオビル1階","66177757","","ナフキン","","0.00","未指定","35.00","13.00","枚","455","0","455","","外税","","","","","","","","2025/08/04","2025/08/04","2025/08/04","1671723800","3","","","2025/08/06","13:58"
"D","2025/08/04","482258","受領","1000020","ｃａｖａｃａｖａ（株式会社ワルツ）","細川大地","","株式会社ｅｆｆ","","-既定納品場所-","東京都新宿区荒木町9-7ナオビル1階","64596592","","みょうが","","0.00","PC","230.00","5.00","PC","1150","92","1242","","外税","6660","530","0","0","0","7190","2025/08/04","2025/08/04","2025/08/04","2025/08/04","1672276399","1","2025/08/04","01:25","2025/08/06","13:58"
"D","2025/08/04","482258","受領","1000020","ｃａｖａｃａｖａ（株式会社ワルツ）","細川大地","","株式会社ｅｆｆ","","-既定納品場所-","東京都新宿区荒木町9-7ナオビル1階","64596730","","オクラ","","0.00","PC","160.00","3.00","PC","480","38","518","","外税","","","","","","","2025/08/04","2025/08/04","2025/08/04","2025/08/04","1672276399","2","2025/08/04","01:25","2025/08/06","13:58"
"D","2025/08/04","482258","受領","1000020","ｃａｖａｃａｖａ（株式会社ワルツ）","細川大地","","株式会社ｅｆｆ","","-既定納品場所-","東京都新宿区荒木町9-7ナオビル1階","64596715","","ズッキーニ","","0.00","本","180.00","1.00","本","180","14","194","","外税","","","","","","","2025/08/04","2025/08/04","2025/08/04","2025/08/04","1672276399","3","2025/08/04","01:25","2025/08/06","13:58"
"D","2025/08/04","482258","受領","1000020","ｃａｖａｃａｖａ（株式会社ワルツ）","細川大地","","株式会社ｅｆｆ","","-既定納品場所-","東京都新宿区荒木町9-7ナオビル1階","64596741","","黄ズッキーニ","","0.00","本","230.00","1.00","本","230","18","248","","外税","","","","","","","2025/08/04","2025/08/04","2025/08/04","2025/08/04","1672276399","4","2025/08/04","01:25","2025/08/06","13:58"
"D","2025/08/04","482258","受領","1000020","ｃａｖａｃａｖａ（株式会社ワルツ）","細川大地","","株式会社ｅｆｆ","","-既定納品場所-","東京都新宿区荒木町9-7ナオビル1階","64596735","","ベビーコーン/ヤングコーン","","0.00","PC","220.00","2.00","PC","440","35","475","","外税","","","","","","","2025/08/04","2025/08/04","2025/08/04","2025/08/04","1672276399","5","2025/08/04","01:25","2025/08/06","13:58"
"D","2025/08/04","482258","受領","1000020","ｃａｖａｃａｖａ（株式会社ワルツ）","細川大地","","株式会社ｅｆｆ","","-既定納品場所-","東京都新宿区荒木町9-7ナオビル1階","64597090","","とうもろこし","","0.00","本","230.00","6.00","本","1380","110","1490","","外税","","","","","","","2025/08/04","2025/08/04","2025/08/04","2025/08/04","1672276399","6","2025/08/04","01:25","2025/08/06","13:58"
"D","2025/08/04","482258","受領","1000020","ｃａｖａｃａｖａ（株式会社ワルツ）","細川大地","","株式会社ｅｆｆ","","-既定納品場所-","東京都新宿区荒木町9-7ナオビル1階","98916432","","カラフルミニトマト","","0.00","PC","450.00","1.00","PC","450","36","486","","外税","","","","","","","2025/08/04","2025/08/04","2025/08/04","2025/08/04","1672276399","7","2025/08/04","01:25","2025/08/06","13:58"
"D","2025/08/04","482258","受領","1000020","ｃａｖａｃａｖａ（株式会社ワルツ）","細川大地","","株式会社ｅｆｆ","","-既定納品場所-","東京都新宿区荒木町9-7ナオビル1階","64596622","","南瓜","","0.00","個","580.00","1.00","個","580","46","626","","外税","","","","","","","2025/08/04","2025/08/04","2025/08/04","2025/08/04","1672276399","8","2025/08/04","01:25","2025/08/06","13:58"
"D","2025/08/04","482258","受領","1000020","ｃａｖａｃａｖａ（株式会社ワルツ）","細川大地","","株式会社ｅｆｆ","","-既定納品場所-","東京都新宿区荒木町9-7ナオビル1階","64596739","","モロッコいんげん","","0.00","kg","2000.00","0.32","kg","640","51","691","","外税","","","","","","","2025/08/04","2025/08/04","2025/08/04","2025/08/04","1672276399","9","2025/08/04","01:25","2025/08/06","13:58"
"D","2025/08/04","482258","受領","1000020","ｃａｖａｃａｖａ（株式会社ワルツ）","細川大地","","株式会社ｅｆｆ","","-既定納品場所-","東京都新宿区荒木町9-7ナオビル1階","64597093","","赤パプリカ","","0.00","個","200.00","2.00","個","400","32","432","","外税","","","","","","","2025/08/04","2025/08/04","2025/08/04","2025/08/04","1672276399","10","2025/08/04","01:25","2025/08/06","13:58"
"D","2025/08/04","482258","受領","1000020","ｃａｖａｃａｖａ（株式会社ワルツ）","細川大地","","株式会社ｅｆｆ","","-既定納品場所-","東京都新宿区荒木町9-7ナオビル1階","94287634","","緑パプリカ","","0.00","個","330.00","1.00","個","330","26","356","","外税","","","","","","","2025/08/04","2025/08/04","2025/08/04","2025/08/04","1672276399","11","2025/08/04","01:25","2025/08/06","13:58"
"D","2025/08/04","482258","受領","1000020","ｃａｖａｃａｖａ（株式会社ワルツ）","細川大地","","株式会社ｅｆｆ","","-既定納品場所-","東京都新宿区荒木町9-7ナオビル1階","64597091","","黄パプリカ","","0.00","個","200.00","1.00","個","200","16","216","","外税","","","","","","","2025/08/04","2025/08/04","2025/08/04","2025/08/04","1672276399","12","2025/08/04","01:25","2025/08/06","13:58"
"D","2025/08/04","482258","受領","1000020","ｃａｖａｃａｖａ（株式会社ワルツ）","細川大地","","株式会社ｅｆｆ","","-既定納品場所-","東京都新宿区荒木町9-7ナオビル1階","64597094","","グレープフルーツ","","0.00","個","200.00","1.00","個","200","16","216","","外税","","","","","","","2025/08/04","2025/08/04","2025/08/04","2025/08/04","1672276399","13","2025/08/04","01:25","2025/08/06","13:58"
"D","2025/08/04","482260","受領","1000020","ｃａｖａｃａｖａ（株式会社ワルツ）","細川大地","","株式会社ｅｆｆ","","-既定納品場所-","東京都新宿区荒木町9-7ナオビル1階","64596701","","レモンバーベナ","","0.00","PC","350.00","1.00","PC","350","28","378","","外税","1510","120","0","0","0","1630","2025/08/04","2025/08/04","2025/08/04","2025/08/04","1672276978","1","2025/08/04","01:29","2025/08/06","13:58"
"D","2025/08/04","482260","受領","1000020","ｃａｖａｃａｖａ（株式会社ワルツ）","細川大地","","株式会社ｅｆｆ","","-既定納品場所-","東京都新宿区荒木町9-7ナオビル1階","64597082","","水ナス","","0.00","個","200.00","3.00","個","600","48","648","","外税","","","","","","","2025/08/04","2025/08/04","2025/08/04","2025/08/04","1672276978","2","2025/08/04","01:29","2025/08/06","13:58"
"D","2025/08/04","482260","受領","1000020","ｃａｖａｃａｖａ（株式会社ワルツ）","細川大地","","株式会社ｅｆｆ","","-既定納品場所-","東京都新宿区荒木町9-7ナオビル1階","64597020","","セルフィーユ/チャービル","","0.00","PC","280.00","1.00","PC","280","22","302","","外税","","","","","","","2025/08/04","2025/08/04","2025/08/04","2025/08/04","1672276978","3","2025/08/04","01:29","2025/08/06","13:58"
"D","2025/08/04","482260","受領","1000020","ｃａｖａｃａｖａ（株式会社ワルツ）","細川大地","","株式会社ｅｆｆ","","-既定納品場所-","東京都新宿区荒木町9-7ナオビル1階","64597018","","ディル/ディール","","0.00","PC","280.00","1.00","PC","280","22","302","","外税","","","","","","","2025/08/04","2025/08/04","2025/08/04","2025/08/04","1672276978","4","2025/08/04","01:29","2025/08/06","13:58"
"D","2025/08/04","482263","受領","1000020","ｃａｖａｃａｖａ（株式会社ワルツ）","細川大地","","有限会社ミナト商会","","-既定納品場所-","東京都新宿区荒木町9-7ナオビル1階","64423730","","アップルビネガー（ミツカン）","1L","1.00","本","460.00","1.00","本","460","0","460","","外税","460","0","0","0","0","460","2025/08/04","2025/08/04","2025/08/04","2025/08/04","1672282459","1","2025/08/04","01:57","2025/08/06","13:58"
"D","2025/08/04","482264","受領","1000020","ｃａｖａｃａｖａ（株式会社ワルツ）","細川大地","","株式会社ｅｆｆ","","-既定納品場所-","東京都新宿区荒木町9-7ナオビル1階","64597087","","玉子　パック","Lサイズ","0.00","PC","320.00","1.00","PC","320","25","345","","外税","320","25","0","0","0","345","2025/08/04","2025/08/04","2025/08/04","2025/08/04","1672282817","1","2025/08/04","01:59","2025/08/06","13:58"
"D","2025/08/04","482265","受領","1000020","ｃａｖａｃａｖａ（株式会社ワルツ）","細川大地","","株式会社ｅｆｆ","","-既定納品場所-","東京都新宿区荒木町9-7ナオビル1階","64596728","","ブロッコリー","","0.00","個","280.00","1.00","個","280","22","302","","外税","280","22","0","0","0","302","2025/08/04","2025/08/04","2025/08/04","2025/08/04","1672282928","1","2025/08/04","02:00","2025/08/06","13:58"
"D","2025/08/04","482268","受領","1000020","ｃａｖａｃａｖａ（株式会社ワルツ）","細川大地","","有限会社ミナト商会","","-既定納品場所-","東京都新宿区荒木町9-7ナオビル1階","151444799","","キスコ　トマトコンソメ","","0.00","PC","1350.00","1.00","PC","1350","0","1350","","外税","3450","0","0","0","0","3450","2025/08/04","2025/08/04","2025/08/04","2025/08/04","1672284648","1","2025/08/04","02:07","2025/08/06","13:58"
"D","2025/08/04","482268","受領","1000020","ｃａｖａｃａｖａ（株式会社ワルツ）","細川大地","","有限会社ミナト商会","","-既定納品場所-","東京都新宿区荒木町9-7ナオビル1階","91220131","","ボワロン　白桃（ペッシュブランシュ）ピューレ","1kg","1.00","PC","2100.00","1.00","PC","2100","0","2100","","外税","","","","","","","2025/08/04","2025/08/04","2025/08/04","2025/08/04","1672284648","2","2025/08/04","02:07","2025/08/06","13:58"
"D","2025/08/04","482269","受領","1000020","ｃａｖａｃａｖａ（株式会社ワルツ）","細川大地","","川島食品株式会社","","-既定納品場所-","東京都新宿区荒木町9-7ナオビル1階","66331001","","鴨挽き肉","","0.00","kg","1500.00","1.00","kg","1500","0","1500","","外税","1500","0","0","0","0","1500","2025/08/04","2025/08/04","2025/08/04","2025/08/04","1672288129","2","2025/08/04","02:12","2025/08/06","13:58"
"D","2025/08/04","482269","受領","1000020","ｃａｖａｃａｖａ（株式会社ワルツ）","細川大地","","川島食品株式会社","","-既定納品場所-","東京都新宿区荒木町9-7ナオビル1階","66331001","","鴨挽き肉","","0.00","kg","1500.00","0.00","kg","0","0","0","","外税","","","","","","","2025/08/04","2025/08/04","2025/08/04","2025/08/04","1672288129","1","2025/08/04","02:12","2025/08/06","13:58"
"D","2025/08/04","482270","受領","1000020","ｃａｖａｃａｖａ（株式会社ワルツ）","細川大地","","有限会社ミナト商会","","-既定納品場所-","東京都新宿区荒木町9-7ナオビル1階","66391834","","セモリナ粉（細）","1kg","1.00","PC","240.00","2.00","PC","480","0","480","","外税","1460","0","0","0","0","1460","2025/08/04","2025/08/04","2025/08/04","2025/08/04","1672288131","1","2025/08/04","02:12","2025/08/08","18:47"
"D","2025/08/04","482270","受領","1000020","ｃａｖａｃａｖａ（株式会社ワルツ）","細川大地","","有限会社ミナト商会","","-既定納品場所-","東京都新宿区荒木町9-7ナオビル1階","202347451","","冷凍ﾗｳﾞｨｵﾘ卵生地トリュフ　250ｇ","","0.00","PC","980.00","1.00","PC","980","0","980","","外税","","","","","","","2025/08/04","2025/08/04","2025/08/04","2025/08/04","1672288131","2","2025/08/04","02:12","2025/08/08","18:47"
"D","2025/08/04","482271","受領","1000020","ｃａｖａｃａｖａ（株式会社ワルツ）","細川大地","","有限会社ミナト商会","","-既定納品場所-","東京都新宿区荒木町9-7ナオビル1階","92449604","","リコッタチーズ　（ブスタッファ）","250g","0.00","ヶ","880.00","1.00","ヶ","880","0","880","","外税","880","0","0","0","0","880","2025/08/04","2025/08/04","2025/08/04","2025/08/04","1672290396","1","2025/08/04","02:16","2025/08/06","13:58"
"D","2025/08/04","482274","受領","1000020","ｃａｖａｃａｖａ（株式会社ワルツ）","細川大地","","有限会社ミナト商会","","-既定納品場所-","東京都新宿区荒木町9-7ナオビル1階","64616395","","サワークリーム","180ｇ","0.00","本","850.00","1.00","本","850","0","850","","外税","850","0","0","0","0","850","2025/08/04","2025/08/04","2025/08/04","2025/08/04","1672293324","1","2025/08/04","02:23","2025/08/06","13:58"
"D","2025/08/04","482275","受領","1000020","ｃａｖａｃａｖａ（株式会社ワルツ）","細川大地","","有限会社ミナト商会","","-既定納品場所-","東京都新宿区荒木町9-7ナオビル1階","106244012","","日本リッチ　NPコーンペースト","500g","0.00","PC","680.00","1.00","PC","680","0","680","","外税","680","0","0","0","0","680","2025/08/04","2025/08/04","2025/08/04","2025/08/04","1672293472","1","2025/08/04","02:24","2025/08/06","13:58"
"D","2025/08/05","482360","受領","1000020","ｃａｖａｃａｖａ（株式会社ワルツ）","細川大地","","株式会社東京めいらく","","-既定納品場所-","東京都新宿区荒木町9-7ナオビル1階","56150488","","パーチバター（無塩）よつ葉","４５０ｇ","30.00","C/S","918.00","1.00","個","918","0","918","","外税","2967","0","0","0","0","2967","2025/08/04","2025/08/05","2025/08/05","2025/08/05","1672575291","1","2025/08/04","16:38","2025/08/06","13:58"
"D","2025/08/05","482360","受領","1000020","ｃａｖａｃａｖａ（株式会社ワルツ）","細川大地","","株式会社東京めいらく","","-既定納品場所-","東京都新宿区荒木町9-7ナオビル1階","67893517","","ＢＬＡＮＣ１８　１Ｌ","１Ｌ","12.00","C/S","883.00","1.00","本","883","0","883","","外税","","","","","","","2025/08/04","2025/08/05","2025/08/05","2025/08/05","1672575291","2","2025/08/04","16:38","2025/08/06","13:58"
"D","2025/08/05","482360","受領","1000020","ｃａｖａｃａｖａ（株式会社ワルツ）","細川大地","","株式会社東京めいらく","","-既定納品場所-","東京都新宿区荒木町9-7ナオビル1階","56150519","","北海道フレッシュクリーム３８％　１Ｌ","１Ｌ","1.00","本","1166.00","1.00","本","1166","0","1166","","外税","","","","","","","2025/08/04","2025/08/05","2025/08/05","2025/08/05","1672575291","3","2025/08/04","16:38","2025/08/06","13:58"
"D","2025/08/05","482375","受領","1000020","ｃａｖａｃａｖａ（株式会社ワルツ）","前島　瑞","","株式会社カクヤス","","-既定納品場所-","東京都新宿区荒木町9-7ナオビル1階","87614975","","アサヒ ドライゼロ 小瓶 334ML","334ML× 1本","30.00","本","167.00","1.00","本","167","0","167","","外税","167","0","0","0","0","167","2025/08/04","2025/08/05","2025/08/05","2025/08/05","1672609711","1","2025/08/04","17:33","2025/08/06","13:58"
"D","2025/08/05","482389","受領","1000020","ｃａｖａｃａｖａ（株式会社ワルツ）","細川大地","","有限会社ミナト商会","","-既定納品場所-","東京都新宿区荒木町9-7ナオビル1階","85558038","","シーソルトフレーク　スモーク","","0.00","本","1100.00","1.00","PC","1100","0","1100","","外税","3820","0","0","0","0","3820","2025/08/04","2025/08/05","2025/08/05","2025/08/05","1672635973","1","2025/08/04","18:34","2025/08/06","13:58"
"D","2025/08/05","482389","受領","1000020","ｃａｖａｃａｖａ（株式会社ワルツ）","細川大地","","有限会社ミナト商会","","-既定納品場所-","東京都新宿区荒木町9-7ナオビル1階","91617797","","オニオンソテーダイス　30％","1kg","0.00","PC","740.00","2.00","PC","1480","0","1480","","外税","","","","","","","2025/08/04","2025/08/05","2025/08/05","2025/08/05","1672635973","2","2025/08/04","18:34","2025/08/06","13:58"
"D","2025/08/05","482389","受領","1000020","ｃａｖａｃａｖａ（株式会社ワルツ）","細川大地","","有限会社ミナト商会","","-既定納品場所-","東京都新宿区荒木町9-7ナオビル1階","66391836","","ジュリアーノ　トリュフパウダー","30g","1.00","本","1240.00","1.00","本","1240","0","1240","","外税","","","","","","","2025/08/04","2025/08/05","2025/08/05","2025/08/05","1672635973","3","2025/08/04","18:34","2025/08/06","13:58"
"D","2025/08/05","482392","受領","1000020","ｃａｖａｃａｖａ（株式会社ワルツ）","細川大地","","株式会社丸昌","","-既定納品場所-","東京都新宿区荒木町9-7ナオビル1階","65367627","","その他（食品以外の商品）","","0.00","未指定","0.00","0.00","個","0","0","0","","外税","8300","0","0","0","0","8300","2025/08/04","2025/08/05","2025/08/05","2025/08/05","1672639753","1","2025/08/04","18:45","2025/08/06","13:58"
"D","2025/08/05","482392","受領","1000020","ｃａｖａｃａｖａ（株式会社ワルツ）","細川大地","","株式会社丸昌","","-既定納品場所-","東京都新宿区荒木町9-7ナオビル1階","56863232","","オススメ鮮魚情報","鮎苦うるか","0.00","未指定","1900.00","1.00","PC","1900","0","1900","","外税","","","","","","","2025/08/04","2025/08/05","2025/08/05","2025/08/05","1672639753","2","2025/08/04","18:45","2025/08/06","13:58"
"D","2025/08/05","482392","受領","1000020","ｃａｖａｃａｖａ（株式会社ワルツ）","細川大地","","株式会社丸昌","","-既定納品場所-","東京都新宿区荒木町9-7ナオビル1階","56863232","","オススメ鮮魚情報","あゆ　１２入","0.00","未指定","220.00","10.00","本","2200","0","2200","","外税","","","","","","","2025/08/04","2025/08/05","2025/08/05","2025/08/05","1672639753","3","2025/08/04","18:45","2025/08/06","13:58"
"D","2025/08/05","482392","受領","1000020","ｃａｖａｃａｖａ（株式会社ワルツ）","細川大地","","株式会社丸昌","","-既定納品場所-","東京都新宿区荒木町9-7ナオビル1階","56863232","","オススメ鮮魚情報","生ムキ甘えび","0.00","未指定","1400.00","3.00","PC","4200","0","4200","","外税","","","","","","","2025/08/04","2025/08/05","2025/08/05","2025/08/05","1672639753","4","2025/08/04","18:45","2025/08/06","13:58"
"D","2025/08/05","482438","受領","1000020","ｃａｖａｃａｖａ（株式会社ワルツ）","細川大地","","株式会社ｅｆｆ","","-既定納品場所-","東京都新宿区荒木町9-7ナオビル1階","64596779","","カボス","","0.00","個","200.00","1.00","個","200","16","216","","外税","1635","130","0","0","0","1765","2025/08/04","2025/08/04","2025/08/05","2025/08/05","1672712317","1","2025/08/04","21:48","2025/08/06","13:58"
"D","2025/08/05","482438","受領","1000020","ｃａｖａｃａｖａ（株式会社ワルツ）","細川大地","","株式会社ｅｆｆ","","-既定納品場所-","東京都新宿区荒木町9-7ナオビル1階","64597082","","水ナス","","0.00","個","200.00","3.00","個","600","48","648","","外税","","","","","","","2025/08/04","2025/08/04","2025/08/05","2025/08/05","1672712317","2","2025/08/04","21:48","2025/08/06","13:58"
"D","2025/08/05","482438","受領","1000020","ｃａｖａｃａｖａ（株式会社ワルツ）","細川大地","","株式会社ｅｆｆ","","-既定納品場所-","東京都新宿区荒木町9-7ナオビル1階","64597037","","レモン","","0.00","個","75.00","3.00","個","225","18","243","","外税","","","","","","","2025/08/04","2025/08/04","2025/08/05","2025/08/05","1672712317","3","2025/08/04","21:48","2025/08/06","13:58"
"D","2025/08/05","482438","受領","1000020","ｃａｖａｃａｖａ（株式会社ワルツ）","細川大地","","株式会社ｅｆｆ","","-既定納品場所-","東京都新宿区荒木町9-7ナオビル1階","120599633","","レモンタイム","","0.00","PC","250.00","1.00","PC","250","20","270","","外税","","","","","","","2025/08/04","2025/08/04","2025/08/05","2025/08/05","1672712317","4","2025/08/04","21:48","2025/08/06","13:58"
"D","2025/08/05","482438","受領","1000020","ｃａｖａｃａｖａ（株式会社ワルツ）","細川大地","","株式会社ｅｆｆ","","-既定納品場所-","東京都新宿区荒木町9-7ナオビル1階","64597028","","クレソン","","0.00","束","180.00","2.00","束","360","28","388","","外税","","","","","","","2025/08/04","2025/08/04","2025/08/05","2025/08/05","1672712317","5","2025/08/04","21:48","2025/08/06","13:58"
"D","2025/08/05","483368","受領","1000020","ｃａｖａｃａｖａ（株式会社ワルツ）","前島　瑞","","株式会社カクヤス","","-既定納品場所-","東京都新宿区荒木町9-7ナオビル1階","55950670","","アサヒ  スーパードライ  中　500ML","500ML×20","1.00","本","288.00","5.00","本","1440","0","1440","","外税","1440","0","0","0","0","1440","","2025/08/05","2025/08/05","2025/08/05","1674407293","1","","","2025/08/08","12:58"
"D","2025/08/06","484106","受領","1000020","ｃａｖａｃａｖａ（株式会社ワルツ）","前島　瑞","","株式会社ヴィントナーズ","","-既定納品場所-","東京都新宿区荒木町9-7ナオビル1階","200408930","","BIFACE（DESPAGNE）","750ml","0.00","未指定","1680.00","12.00","本","20160","0","20160","","外税","20160","0","0","0","0","20160","","2025/08/05","2025/08/06","2025/08/06","1675935723","1","","","2025/08/14","10:59"
"D","2025/08/06","488974","受領","1000020","ｃａｖａｃａｖａ（株式会社ワルツ）","前島　瑞","","株式会社愛宕小西","","-既定納品場所-","東京都新宿区荒木町9-7ナオビル1階","204680397","","CH.ラトゥール　マルティヤック　ブラン　１１","","0.00","未指定","5480.00","3.00","本","16440","0","16440","","外税","16440","0","0","0","0","16440","","2025/08/06","2025/08/06","2025/08/06","1685920757","1","","","2025/09/06","13:49"
"D","2025/08/07","482750","受領","1000020","ｃａｖａｃａｖａ（株式会社ワルツ）","細川大地","","株式会社東京めいらく","","-既定納品場所-","東京都新宿区荒木町9-7ナオビル1階","58859392","","ＮＥＷサワークリーム　２００ｇ","２００ｇ","12.00","C/S","470.00","1.00","個","470","0","470","","外税","715","0","0","0","0","715","2025/08/06","2025/08/06","2025/08/07","2025/08/07","1673430586","1","2025/08/06","15:16","2025/08/08","12:58"
"D","2025/08/07","482750","受領","1000020","ｃａｖａｃａｖａ（株式会社ワルツ）","細川大地","","株式会社東京めいらく","","-既定納品場所-","東京都新宿区荒木町9-7ナオビル1階","56150496","","牛乳","１Ｌ　成分無調整","12.00","C/S","245.00","1.00","本","245","0","245","","外税","","","","","","","2025/08/06","2025/08/06","2025/08/07","2025/08/07","1673430586","2","2025/08/06","15:16","2025/08/08","12:58"
"D","2025/08/07","482813","受領","1000020","ｃａｖａｃａｖａ（株式会社ワルツ）","前島　瑞","","株式会社穂高リネンサプライ","","-既定納品場所-","東京都新宿区荒木町9-7ナオビル1階","66177757","","ナフキン","","0.00","未指定","35.00","21.00","枚","735","0","735","","外税","870","0","0","0","0","870","","2025/08/07","2025/08/07","2025/08/07","1673542294","1","","","2025/08/08","12:58"
"D","2025/08/07","482813","受領","1000020","ｃａｖａｃａｖａ（株式会社ワルツ）","前島　瑞","","株式会社穂高リネンサプライ","","-既定納品場所-","東京都新宿区荒木町9-7ナオビル1階","66106839","","Ｙシャツ","","0.00","枚","135.00","1.00","枚","135","0","135","","外税","","","","","","","","2025/08/07","2025/08/07","2025/08/07","1673542294","2","","","2025/08/08","12:58"
"D","2025/08/07","482834","受領","1000020","ｃａｖａｃａｖａ（株式会社ワルツ）","細川大地","","株式会社丸昌","","-既定納品場所-","東京都新宿区荒木町9-7ナオビル1階","55950133","","野〆スズキ　３枚卸し","２ｋｕｐ","0.00","未指定","1800.00","2.00","kg","3600","0","3600","","外税","7208","0","0","0","0","7208","2025/08/06","2025/08/07","2025/08/07","2025/08/07","1673593229","1","2025/08/06","21:25","2025/08/08","12:58"
"D","2025/08/07","482834","受領","1000020","ｃａｖａｃａｖａ（株式会社ワルツ）","細川大地","","株式会社丸昌","","-既定納品場所-","東京都新宿区荒木町9-7ナオビル1階","56863232","","オススメ鮮魚情報","ホウボウ","0.00","未指定","2200.00","1.64","kg","3608","0","3608","","外税","","","","","","","2025/08/06","2025/08/07","2025/08/07","2025/08/07","1673593229","2","2025/08/06","21:25","2025/08/08","12:58"
"D","2025/08/07","482836","受領","1000020","ｃａｖａｃａｖａ（株式会社ワルツ）","細川大地","","有限会社ミナト商会","","-既定納品場所-","東京都新宿区荒木町9-7ナオビル1階","151614718","","三祐　パルマラット　マスカルポーネ","500ｇ","1.00","ヶ","1230.00","1.00","ヶ","1230","0","1230","","外税","2800","0","0","0","0","2800","2025/08/06","2025/08/07","2025/08/07","2025/08/07","1673599913","1","2025/08/06","21:35","2025/08/08","12:58"
"D","2025/08/07","482836","受領","1000020","ｃａｖａｃａｖａ（株式会社ワルツ）","細川大地","","有限会社ミナト商会","","-既定納品場所-","東京都新宿区荒木町9-7ナオビル1階","170740401","","アルカン　ブリ・ド・モー　AOP","","0.00","PC","3580.00","0.00","PC","0","0","0","","外税","","","","","","","2025/08/06","2025/08/07","2025/08/07","2025/08/07","1673599913","2","2025/08/06","21:35","2025/08/08","12:58"
"D","2025/08/07","482836","受領","1000020","ｃａｖａｃａｖａ（株式会社ワルツ）","細川大地","","有限会社ミナト商会","","-既定納品場所-","東京都新宿区荒木町9-7ナオビル1階","121191409","","ファインラップ","30cm×100m","1.00","本","290.00","3.00","本","870","0","870","","外税","","","","","","","2025/08/06","2025/08/07","2025/08/07","2025/08/07","1673599913","3","2025/08/06","21:35","2025/08/08","12:58"
"D","2025/08/07","482836","受領","1000020","ｃａｖａｃａｖａ（株式会社ワルツ）","細川大地","","有限会社ミナト商会","","-既定納品場所-","東京都新宿区荒木町9-7ナオビル1階","172449809","","業務用プロ用リードペーパー","１００枚X２ロール入","1.00","PC","700.00","1.00","PC","700","0","700","","外税","","","","","","","2025/08/06","2025/08/07","2025/08/07","2025/08/07","1673599913","4","2025/08/06","21:35","2025/08/08","12:58"
"D","2025/08/07","482837","受領","1000020","ｃａｖａｃａｖａ（株式会社ワルツ）","細川大地","","株式会社ｅｆｆ","","-既定納品場所-","東京都新宿区荒木町9-7ナオビル1階","64596678","","ペパーミント","","0.00","PC","260.00","1.00","PC","260","20","280","","外税","260","20","0","0","0","280","2025/08/06","2025/08/06","2025/08/07","2025/08/07","1673601179","1","2025/08/06","21:37","2025/08/08","12:58"
"D","2025/08/07","482841","受領","1000020","ｃａｖａｃａｖａ（株式会社ワルツ）","細川大地","","有限会社ミナト商会","","-既定納品場所-","東京都新宿区荒木町9-7ナオビル1階","118471219","","マグレカナール","約３００ｇ","1.00","PC","2.90","1934.00","g","5608","0","5608","","外税","5608","0","0","0","0","5608","2025/08/06","2025/08/07","2025/08/07","2025/08/07","1673601748","1","2025/08/06","21:38","2025/08/08","12:58"
"D","2025/08/08","483327","受領","1000020","ｃａｖａｃａｖａ（株式会社ワルツ）","細川大地","","株式会社ｅｆｆ","","-既定納品場所-","東京都新宿区荒木町9-7ナオビル1階","64596741","","黄ズッキーニ","","0.00","本","350.00","1.00","本","350","28","378","","外税","2710","215","0","0","0","2925","2025/08/08","2025/08/08","2025/08/08","2025/08/08","1674263547","1","2025/08/08","01:46","2025/08/09","11:34"
"D","2025/08/08","483327","受領","1000020","ｃａｖａｃａｖａ（株式会社ワルツ）","細川大地","","株式会社ｅｆｆ","","-既定納品場所-","東京都新宿区荒木町9-7ナオビル1階","64596715","","ズッキーニ","","0.00","本","180.00","1.00","本","180","14","194","","外税","","","","","","","2025/08/08","2025/08/08","2025/08/08","2025/08/08","1674263547","2","2025/08/08","01:46","2025/08/09","11:34"
"D","2025/08/08","483327","受領","1000020","ｃａｖａｃａｖａ（株式会社ワルツ）","細川大地","","株式会社ｅｆｆ","","-既定納品場所-","東京都新宿区荒木町9-7ナオビル1階","64597029","","赤水菜","","0.00","PC","350.00","1.00","PC","350","28","378","","外税","","","","","","","2025/08/08","2025/08/08","2025/08/08","2025/08/08","1674263547","3","2025/08/08","01:46","2025/08/09","11:34"
"D","2025/08/08","483327","受領","1000020","ｃａｖａｃａｖａ（株式会社ワルツ）","細川大地","","株式会社ｅｆｆ","","-既定納品場所-","東京都新宿区荒木町9-7ナオビル1階","64597091","","黄パプリカ","","0.00","個","200.00","1.00","個","200","16","216","","外税","","","","","","","2025/08/08","2025/08/08","2025/08/08","2025/08/08","1674263547","4","2025/08/08","01:46","2025/08/09","11:34"
"D","2025/08/08","483327","受領","1000020","ｃａｖａｃａｖａ（株式会社ワルツ）","細川大地","","株式会社ｅｆｆ","","-既定納品場所-","東京都新宿区荒木町9-7ナオビル1階","64597093","","赤パプリカ","","0.00","個","200.00","1.00","個","200","16","216","","外税","","","","","","","2025/08/08","2025/08/08","2025/08/08","2025/08/08","1674263547","5","2025/08/08","01:46","2025/08/09","11:34"
"D","2025/08/08","483327","受領","1000020","ｃａｖａｃａｖａ（株式会社ワルツ）","細川大地","","株式会社ｅｆｆ","","-既定納品場所-","東京都新宿区荒木町9-7ナオビル1階","94287634","","緑パプリカ","","0.00","個","330.00","1.00","個","330","26","356","","外税","","","","","","","2025/08/08","2025/08/08","2025/08/08","2025/08/08","1674263547","6","2025/08/08","01:46","2025/08/09","11:34"
"D","2025/08/08","483327","受領","1000020","ｃａｖａｃａｖａ（株式会社ワルツ）","細川大地","","株式会社ｅｆｆ","","-既定納品場所-","東京都新宿区荒木町9-7ナオビル1階","64597086","","ベビーリーフ","","0.00","PC","300.00","1.00","PC","300","24","324","","外税","","","","","","","2025/08/08","2025/08/08","2025/08/08","2025/08/08","1674263547","7","2025/08/08","01:46","2025/08/09","11:34"
"D","2025/08/08","483327","受領","1000020","ｃａｖａｃａｖａ（株式会社ワルツ）","細川大地","","株式会社ｅｆｆ","","-既定納品場所-","東京都新宿区荒木町9-7ナオビル1階","168515799","","トマト　バラ","","0.00","個","120.00","1.00","個","120","9","129","","外税","","","","","","","2025/08/08","2025/08/08","2025/08/08","2025/08/08","1674263547","8","2025/08/08","01:46","2025/08/09","11:34"
"D","2025/08/08","483327","受領","1000020","ｃａｖａｃａｖａ（株式会社ワルツ）","細川大地","","株式会社ｅｆｆ","","-既定納品場所-","東京都新宿区荒木町9-7ナオビル1階","98916432","","カラフルミニトマト","","0.00","PC","450.00","1.00","PC","450","36","486","","外税","","","","","","","2025/08/08","2025/08/08","2025/08/08","2025/08/08","1674263547","9","2025/08/08","01:46","2025/08/09","11:34"
"D","2025/08/08","483327","受領","1000020","ｃａｖａｃａｖａ（株式会社ワルツ）","細川大地","","株式会社ｅｆｆ","","-既定納品場所-","東京都新宿区荒木町9-7ナオビル1階","64596625","","アボカド","","0.00","個","230.00","1.00","個","230","18","248","","外税","","","","","","","2025/08/08","2025/08/08","2025/08/08","2025/08/08","1674263547","10","2025/08/08","01:46","2025/08/09","11:34"
"D","2025/08/08","483329","受領","1000020","ｃａｖａｃａｖａ（株式会社ワルツ）","細川大地","","株式会社ｅｆｆ","","-既定納品場所-","東京都新宿区荒木町9-7ナオビル1階","64597087","","玉子　パック","Lサイズ","0.00","PC","320.00","2.00","PC","640","51","691","","外税","640","51","0","0","0","691","2025/08/08","2025/08/08","2025/08/08","2025/08/08","1674265202","1","2025/08/08","01:50","2025/08/09","11:34"
"D","2025/08/08","483394","受領","1000020","ｃａｖａｃａｖａ（株式会社ワルツ）","前島　瑞","","有限会社ミナト商会","","-既定納品場所-","東京都新宿区荒木町9-7ナオビル1階","170740401","","アルカン　ブリ・ド・モー　AOP","","0.00","PC","3680.00","1.00","PC","3680","0","3680","","外税","7380","0","0","0","0","7380","","2025/08/08","2025/08/08","2025/08/08","1674482165","1","","","2025/08/09","11:34"
"D","2025/08/08","483394","受領","1000020","ｃａｖａｃａｖａ（株式会社ワルツ）","前島　瑞","","有限会社ミナト商会","","-既定納品場所-","東京都新宿区荒木町9-7ナオビル1階","64672280","","モンサンミッシェル　ムール貝","１ｋｇ","0.00","kg","3700.00","1.00","PC","3700","0","3700","","外税","","","","","","","","2025/08/08","2025/08/08","2025/08/08","1674482165","2","","","2025/08/09","11:34"
"D","2025/08/11","483843","受領","1000020","ｃａｖａｃａｖａ（株式会社ワルツ）","前島　瑞","","株式会社穂高リネンサプライ","","-既定納品場所-","東京都新宿区荒木町9-7ナオビル1階","66106839","","Ｙシャツ","","0.00","枚","135.00","1.00","枚","135","0","135","","外税","1255","0","0","0","0","1255","","2025/08/11","2025/08/11","2025/08/11","1675395559","1","","","2025/08/14","10:59"
"D","2025/08/11","483843","受領","1000020","ｃａｖａｃａｖａ（株式会社ワルツ）","前島　瑞","","株式会社穂高リネンサプライ","","-既定納品場所-","東京都新宿区荒木町9-7ナオビル1階","66177757","","ナフキン","","0.00","未指定","35.00","32.00","枚","1120","0","1120","","外税","","","","","","","","2025/08/11","2025/08/11","2025/08/11","1675395559","2","","","2025/08/14","10:59"
"D","2025/08/13","483017","受領","1000020","ｃａｖａｃａｖａ（株式会社ワルツ）","前島　瑞","","株式会社サザンクロス","","-既定納品場所-","東京都新宿区荒木町9-7ナオビル1階","199225240","","ヴァンダル　ゴーツブラッド　 2023","750ML","12.00","本","2280.00","6.00","本","13680","0","13680","","外税","33480","0","0","0","0","33480","","2025/08/08","2025/08/13","2025/08/13","1673846194","1","","","2025/08/14","10:59"
"D","2025/08/13","483017","受領","1000020","ｃａｖａｃａｖａ（株式会社ワルツ）","前島　瑞","","株式会社サザンクロス","","-既定納品場所-","東京都新宿区荒木町9-7ナオビル1階","199225241","","トゥーリバーズ　ザ・スプリングス　シャルドネ　2021","750ML","12.00","本","3300.00","6.00","本","19800","0","19800","","外税","","","","","","","","2025/08/08","2025/08/13","2025/08/13","1673846194","2","","","2025/08/14","10:59"
"D","2025/08/14","482833","受領","1000020","ｃａｖａｃａｖａ（株式会社ワルツ）","細川大地","","株式会社ｅｆｆ","","-既定納品場所-","東京都新宿区荒木町9-7ナオビル1階","64597028","","クレソン","","0.00","束","180.00","1.00","束","180","14","194","","外税","3200","253","0","0","0","3453","2025/08/06","2025/08/06","2025/08/14","2025/08/14","1673593226","1","2025/08/06","21:25","2025/08/15","11:48"
"D","2025/08/14","482833","受領","1000020","ｃａｖａｃａｖａ（株式会社ワルツ）","細川大地","","株式会社ｅｆｆ","","-既定納品場所-","東京都新宿区荒木町9-7ナオビル1階","134672870","","ピーテンドリル","","0.00","PC","380.00","1.00","PC","380","30","410","","外税","","","","","","","2025/08/06","2025/08/06","2025/08/14","2025/08/14","1673593226","2","2025/08/06","21:25","2025/08/15","11:48"
"D","2025/08/14","482833","受領","1000020","ｃａｖａｃａｖａ（株式会社ワルツ）","細川大地","","株式会社ｅｆｆ","","-既定納品場所-","東京都新宿区荒木町9-7ナオビル1階","64597094","","グレープフルーツ","","0.00","個","200.00","1.00","個","200","16","216","","外税","","","","","","","2025/08/06","2025/08/06","2025/08/14","2025/08/14","1673593226","3","2025/08/06","21:25","2025/08/15","11:48"
"D","2025/08/14","482833","受領","1000020","ｃａｖａｃａｖａ（株式会社ワルツ）","細川大地","","株式会社ｅｆｆ","","-既定納品場所-","東京都新宿区荒木町9-7ナオビル1階","124647016","","ペンタス　赤","","0.00","PC","450.00","1.00","PC","450","36","486","","外税","","","","","","","2025/08/06","2025/08/06","2025/08/14","2025/08/14","1673593226","4","2025/08/06","21:25","2025/08/15","11:48"
"D","2025/08/14","482833","受領","1000020","ｃａｖａｃａｖａ（株式会社ワルツ）","細川大地","","株式会社ｅｆｆ","","-既定納品場所-","東京都新宿区荒木町9-7ナオビル1階","64597004","","玉ねぎ","","0.00","kg","250.00","1.02","kg","255","20","275","","外税","","","","","","","2025/08/06","2025/08/06","2025/08/14","2025/08/14","1673593226","5","2025/08/06","21:25","2025/08/15","11:48"
"D","2025/08/14","482833","受領","1000020","ｃａｖａｃａｖａ（株式会社ワルツ）","細川大地","","株式会社ｅｆｆ","","-既定納品場所-","東京都新宿区荒木町9-7ナオビル1階","64597037","","レモン","","0.00","個","75.00","1.00","個","75","6","81","","外税","","","","","","","2025/08/06","2025/08/06","2025/08/14","2025/08/14","1673593226","6","2025/08/06","21:25","2025/08/15","11:48"
"D","2025/08/14","482833","受領","1000020","ｃａｖａｃａｖａ（株式会社ワルツ）","細川大地","","株式会社ｅｆｆ","","-既定納品場所-","東京都新宿区荒木町9-7ナオビル1階","64597086","","ベビーリーフ","","0.00","PC","300.00","1.00","PC","300","24","324","","外税","","","","","","","2025/08/06","2025/08/06","2025/08/14","2025/08/14","1673593226","7","2025/08/06","21:25","2025/08/15","11:48"
"D","2025/08/14","482833","受領","1000020","ｃａｖａｃａｖａ（株式会社ワルツ）","細川大地","","株式会社ｅｆｆ","","-既定納品場所-","東京都新宿区荒木町9-7ナオビル1階","64596735","","ベビーコーン/ヤングコーン","","0.00","PC","220.00","1.00","PC","220","17","237","","外税","","","","","","","2025/08/06","2025/08/06","2025/08/14","2025/08/14","1673593226","8","2025/08/06","21:25","2025/08/15","11:48"
"D","2025/08/14","482833","受領","1000020","ｃａｖａｃａｖａ（株式会社ワルツ）","細川大地","","株式会社ｅｆｆ","","-既定納品場所-","東京都新宿区荒木町9-7ナオビル1階","64597093","","赤パプリカ","","0.00","個","200.00","1.00","個","200","16","216","","外税","","","","","","","2025/08/06","2025/08/06","2025/08/14","2025/08/14","1673593226","9","2025/08/06","21:25","2025/08/15","11:48"
"D","2025/08/14","482833","受領","1000020","ｃａｖａｃａｖａ（株式会社ワルツ）","細川大地","","株式会社ｅｆｆ","","-既定納品場所-","東京都新宿区荒木町9-7ナオビル1階","64597091","","黄パプリカ","","0.00","個","200.00","1.00","個","200","16","216","","外税","","","","","","","2025/08/06","2025/08/06","2025/08/14","2025/08/14","1673593226","10","2025/08/06","21:25","2025/08/15","11:48"
"D","2025/08/14","482833","受領","1000020","ｃａｖａｃａｖａ（株式会社ワルツ）","細川大地","","株式会社ｅｆｆ","","-既定納品場所-","東京都新宿区荒木町9-7ナオビル1階","94287634","","緑パプリカ","","0.00","個","330.00","1.00","個","330","26","356","","外税","","","","","","","2025/08/06","2025/08/06","2025/08/14","2025/08/14","1673593226","11","2025/08/06","21:25","2025/08/15","11:48"
"D","2025/08/14","482833","受領","1000020","ｃａｖａｃａｖａ（株式会社ワルツ）","細川大地","","株式会社ｅｆｆ","","-既定納品場所-","東京都新宿区荒木町9-7ナオビル1階","64596741","","黄ズッキーニ","","0.00","本","230.00","1.00","本","230","18","248","","外税","","","","","","","2025/08/06","2025/08/06","2025/08/14","2025/08/14","1673593226","12","2025/08/06","21:25","2025/08/15","11:48"
"D","2025/08/14","482833","受領","1000020","ｃａｖａｃａｖａ（株式会社ワルツ）","細川大地","","株式会社ｅｆｆ","","-既定納品場所-","東京都新宿区荒木町9-7ナオビル1階","64596715","","ズッキーニ","","0.00","本","180.00","1.00","本","180","14","194","","外税","","","","","","","2025/08/06","2025/08/06","2025/08/14","2025/08/14","1673593226","13","2025/08/06","21:25","2025/08/15","11:48"
"D","2025/08/14","484332","受領","1000020","ｃａｖａｃａｖａ（株式会社ワルツ）","前島　瑞","","株式会社穂高リネンサプライ","","-既定納品場所-","東京都新宿区荒木町9-7ナオビル1階","66106856","","ネクタイ","","0.00","未指定","220.00","1.00","本","220","0","220","","外税","945","0","0","0","0","945","","2025/08/14","2025/08/14","2025/08/14","1676567514","1","","","2025/08/15","11:48"
"D","2025/08/14","484332","受領","1000020","ｃａｖａｃａｖａ（株式会社ワルツ）","前島　瑞","","株式会社穂高リネンサプライ","","-既定納品場所-","東京都新宿区荒木町9-7ナオビル1階","66177757","","ナフキン","","0.00","未指定","35.00","13.00","枚","455","0","455","","外税","","","","","","","","2025/08/14","2025/08/14","2025/08/14","1676567514","2","","","2025/08/15","11:48"
"D","2025/08/14","484332","受領","1000020","ｃａｖａｃａｖａ（株式会社ワルツ）","前島　瑞","","株式会社穂高リネンサプライ","","-既定納品場所-","東京都新宿区荒木町9-7ナオビル1階","66106839","","Ｙシャツ","","0.00","枚","135.00","2.00","枚","270","0","270","","外税","","","","","","","","2025/08/14","2025/08/14","2025/08/14","1676567514","3","","","2025/08/15","11:48"
"D","2025/08/15","484370","受領","1000020","ｃａｖａｃａｖａ（株式会社ワルツ）","細川大地","","株式会社東京めいらく","","-既定納品場所-","東京都新宿区荒木町9-7ナオビル1階","56150488","","パーチバター（無塩）よつ葉","４５０ｇ","30.00","C/S","918.00","1.00","個","918","0","918","","外税","2084","0","0","0","0","2084","2025/08/14","2025/08/14","2025/08/15","2025/08/15","1676680625","1","2025/08/14","15:49","2025/08/16","11:58"
"D","2025/08/15","484370","受領","1000020","ｃａｖａｃａｖａ（株式会社ワルツ）","細川大地","","株式会社東京めいらく","","-既定納品場所-","東京都新宿区荒木町9-7ナオビル1階","56150519","","北海道フレッシュクリーム３８％　１Ｌ","１Ｌ","1.00","本","1166.00","1.00","本","1166","0","1166","","外税","","","","","","","2025/08/14","2025/08/14","2025/08/15","2025/08/15","1676680625","2","2025/08/14","15:49","2025/08/16","11:58"
"D","2025/08/15","484374","受領","1000020","ｃａｖａｃａｖａ（株式会社ワルツ）","前島　瑞","","株式会社カクヤス","","-既定納品場所-","東京都新宿区荒木町9-7ナオビル1階","94928124","","サッポロ  ラガー  中瓶（赤星）　500ML","500ML×20","20.00","本","288.00","2.00","本","576","0","576","","外税","576","0","0","0","0","576","2025/08/14","2025/08/15","2025/08/15","2025/08/15","1676699028","1","2025/08/14","16:39","2025/08/16","11:58"
"D","2025/08/15","484453","受領","1000020","ｃａｖａｃａｖａ（株式会社ワルツ）","細川大地","","有限会社ミナト商会","","-既定納品場所-","東京都新宿区荒木町9-7ナオビル1階","121191409","","ファインラップ","30cm×100m","1.00","本","290.00","1.00","本","290","0","290","","外税","7725","0","0","0","0","7725","2025/08/14","2025/08/15","2025/08/15","2025/08/15","1676787020","1","2025/08/14","21:52","2025/08/16","11:58"
"D","2025/08/15","484453","受領","1000020","ｃａｖａｃａｖａ（株式会社ワルツ）","細川大地","","有限会社ミナト商会","","-既定納品場所-","東京都新宿区荒木町9-7ナオビル1階","92449604","","リコッタチーズ　（ブスタッファ）","250g","0.00","ヶ","880.00","1.00","ヶ","880","0","880","","外税","","","","","","","2025/08/14","2025/08/15","2025/08/15","2025/08/15","1676787020","2","2025/08/14","21:52","2025/08/16","11:58"
"D","2025/08/15","484453","受領","1000020","ｃａｖａｃａｖａ（株式会社ワルツ）","細川大地","","有限会社ミナト商会","","-既定納品場所-","東京都新宿区荒木町9-7ナオビル1階","77237777","","KURIクリティント（赤ワイン）","3L","1.00","箱","1680.00","1.00","箱","1680","0","1680","","外税","","","","","","","2025/08/14","2025/08/15","2025/08/15","2025/08/15","1676787020","3","2025/08/14","21:52","2025/08/16","11:58"
"D","2025/08/15","484453","受領","1000020","ｃａｖａｃａｖａ（株式会社ワルツ）","細川大地","","有限会社ミナト商会","","-既定納品場所-","東京都新宿区荒木町9-7ナオビル1階","77237778","","KULクリブランコ白ワイン","3L","1.00","箱","1680.00","1.00","箱","1680","0","1680","","外税","","","","","","","2025/08/14","2025/08/15","2025/08/15","2025/08/15","1676787020","4","2025/08/14","21:52","2025/08/16","11:58"
"D","2025/08/15","484453","受領","1000020","ｃａｖａｃａｖａ（株式会社ワルツ）","細川大地","","有限会社ミナト商会","","-既定納品場所-","東京都新宿区荒木町9-7ナオビル1階","172061416","","スエヒロ　オガタン（B）　炭","１０ｋｇ","1.00","箱","2710.00","1.00","箱","2710","0","2710","","外税","","","","","","","2025/08/14","2025/08/15","2025/08/15","2025/08/15","1676787020","5","2025/08/14","21:52","2025/08/16","11:58"
"D","2025/08/15","484453","受領","1000020","ｃａｖａｃａｖａ（株式会社ワルツ）","細川大地","","有限会社ミナト商会","","-既定納品場所-","東京都新宿区荒木町9-7ナオビル1階","68463559","","ミツカン　サンキストレモン　100％","500ml","1.00","本","485.00","1.00","本","485","0","485","","外税","","","","","","","2025/08/14","2025/08/15","2025/08/15","2025/08/15","1676787020","6","2025/08/14","21:52","2025/08/16","11:58"
"D","2025/08/15","484573","受領","1000020","ｃａｖａｃａｖａ（株式会社ワルツ）","前島　瑞","","有限会社ミナト商会","","-既定納品場所-","東京都新宿区荒木町9-7ナオビル1階","64672280","","モンサンミッシェル　ムール貝","１ｋｇ","0.00","kg","3700.00","1.00","PC","3700","0","3700","","外税","3700","0","0","0","0","3700","","2025/08/15","2025/08/15","2025/08/15","1677016006","1","","","2025/08/16","11:58"
"D","2025/08/16","484642","受領","1000020","ｃａｖａｃａｖａ（株式会社ワルツ）","細川大地","","株式会社ｅｆｆ","","-既定納品場所-","東京都新宿区荒木町9-7ナオビル1階","64596776","","エシャレット","","0.00","束","1200.00","0.34","kg","408","32","440","","外税","4678","370","0","0","0","5048","2025/08/15","2025/08/16","2025/08/16","2025/08/16","1677160136","1","2025/08/15","21:51","2025/08/18","16:07"
"D","2025/08/16","484642","受領","1000020","ｃａｖａｃａｖａ（株式会社ワルツ）","細川大地","","株式会社ｅｆｆ","","-既定納品場所-","東京都新宿区荒木町9-7ナオビル1階","98916432","","カラフルミニトマト","","0.00","PC","450.00","1.00","PC","450","36","486","","外税","","","","","","","2025/08/15","2025/08/16","2025/08/16","2025/08/16","1677160136","2","2025/08/15","21:51","2025/08/18","16:07"
"D","2025/08/16","484642","受領","1000020","ｃａｖａｃａｖａ（株式会社ワルツ）","細川大地","","株式会社ｅｆｆ","","-既定納品場所-","東京都新宿区荒木町9-7ナオビル1階","64597028","","クレソン","","0.00","束","180.00","1.00","束","180","14","194","","外税","","","","","","","2025/08/15","2025/08/16","2025/08/16","2025/08/16","1677160136","3","2025/08/15","21:51","2025/08/18","16:07"
"D","2025/08/16","484642","受領","1000020","ｃａｖａｃａｖａ（株式会社ワルツ）","細川大地","","株式会社ｅｆｆ","","-既定納品場所-","東京都新宿区荒木町9-7ナオビル1階","64597094","","グレープフルーツ","","0.00","個","200.00","1.00","個","200","16","216","","外税","","","","","","","2025/08/15","2025/08/16","2025/08/16","2025/08/16","1677160136","4","2025/08/15","21:51","2025/08/18","16:07"
"D","2025/08/16","484642","受領","1000020","ｃａｖａｃａｖａ（株式会社ワルツ）","細川大地","","株式会社ｅｆｆ","","-既定納品場所-","東京都新宿区荒木町9-7ナオビル1階","64597087","","玉子　パック","Lサイズ","0.00","PC","320.00","1.00","PC","320","25","345","","外税","","","","","","","2025/08/15","2025/08/16","2025/08/16","2025/08/16","1677160136","5","2025/08/15","21:51","2025/08/18","16:07"
"D","2025/08/16","484642","受領","1000020","ｃａｖａｃａｖａ（株式会社ワルツ）","細川大地","","株式会社ｅｆｆ","","-既定納品場所-","東京都新宿区荒木町9-7ナオビル1階","64596735","","ベビーコーン/ヤングコーン","","0.00","PC","220.00","1.00","PC","220","17","237","","外税","","","","","","","2025/08/15","2025/08/16","2025/08/16","2025/08/16","1677160136","6","2025/08/15","21:51","2025/08/18","16:07"
"D","2025/08/16","484642","受領","1000020","ｃａｖａｃａｖａ（株式会社ワルツ）","細川大地","","株式会社ｅｆｆ","","-既定納品場所-","東京都新宿区荒木町9-7ナオビル1階","64597082","","水ナス","","0.00","個","200.00","1.00","個","200","16","216","","外税","","","","","","","2025/08/15","2025/08/16","2025/08/16","2025/08/16","1677160136","7","2025/08/15","21:51","2025/08/18","16:07"
"D","2025/08/16","484642","受領","1000020","ｃａｖａｃａｖａ（株式会社ワルツ）","細川大地","","株式会社ｅｆｆ","","-既定納品場所-","東京都新宿区荒木町9-7ナオビル1階","64596730","","オクラ","","0.00","PC","180.00","1.00","PC","180","14","194","","外税","","","","","","","2025/08/15","2025/08/16","2025/08/16","2025/08/16","1677160136","8","2025/08/15","21:51","2025/08/18","16:07"
"D","2025/08/16","484642","受領","1000020","ｃａｖａｃａｖａ（株式会社ワルツ）","細川大地","","株式会社ｅｆｆ","","-既定納品場所-","東京都新宿区荒木町9-7ナオビル1階","64597018","","ディル/ディール","","0.00","PC","320.00","1.00","PC","320","25","345","","外税","","","","","","","2025/08/15","2025/08/16","2025/08/16","2025/08/16","1677160136","9","2025/08/15","21:51","2025/08/18","16:07"
"D","2025/08/16","484642","受領","1000020","ｃａｖａｃａｖａ（株式会社ワルツ）","細川大地","","株式会社ｅｆｆ","","-既定納品場所-","東京都新宿区荒木町9-7ナオビル1階","64597020","","セルフィーユ/チャービル","","0.00","PC","320.00","1.00","PC","320","25","345","","外税","","","","","","","2025/08/15","2025/08/16","2025/08/16","2025/08/16","1677160136","10","2025/08/15","21:51","2025/08/18","16:07"
"D","2025/08/16","484642","受領","1000020","ｃａｖａｃａｖａ（株式会社ワルツ）","細川大地","","株式会社ｅｆｆ","","-既定納品場所-","東京都新宿区荒木町9-7ナオビル1階","64597029","","赤水菜","","0.00","PC","350.00","1.00","PC","350","28","378","","外税","","","","","","","2025/08/15","2025/08/16","2025/08/16","2025/08/16","1677160136","11","2025/08/15","21:51","2025/08/18","16:07"
"D","2025/08/16","484642","受領","1000020","ｃａｖａｃａｖａ（株式会社ワルツ）","細川大地","","株式会社ｅｆｆ","","-既定納品場所-","東京都新宿区荒木町9-7ナオビル1階","134672870","","ピーテンドリル","","0.00","PC","380.00","1.00","PC","380","30","410","","外税","","","","","","","2025/08/15","2025/08/16","2025/08/16","2025/08/16","1677160136","12","2025/08/15","21:51","2025/08/18","16:07"
"D","2025/08/16","484642","受領","1000020","ｃａｖａｃａｖａ（株式会社ワルツ）","細川大地","","株式会社ｅｆｆ","","-既定納品場所-","東京都新宿区荒木町9-7ナオビル1階","64596592","","みょうが","","0.00","PC","230.00","5.00","PC","1150","92","1242","","外税","","","","","","","2025/08/15","2025/08/16","2025/08/16","2025/08/16","1677160136","13","2025/08/15","21:51","2025/08/18","16:07"
"D","2025/08/16","484644","受領","1000020","ｃａｖａｃａｖａ（株式会社ワルツ）","細川大地","","株式会社丸昌","","-既定納品場所-","東京都新宿区荒木町9-7ナオビル1階","65367627","","その他（食品以外の商品）","","0.00","未指定","0.00","0.00","個","0","0","0","","外税","8400","0","0","0","0","8400","2025/08/15","2025/08/16","2025/08/16","2025/08/16","1677161084","1","2025/08/15","21:53","2025/08/18","16:07"
"D","2025/08/16","484644","受領","1000020","ｃａｖａｃａｖａ（株式会社ワルツ）","細川大地","","株式会社丸昌","","-既定納品場所-","東京都新宿区荒木町9-7ナオビル1階","56863232","","オススメ鮮魚情報","ホウボウ","0.00","未指定","2400.00","3.50","kg","8400","0","8400","","外税","","","","","","","2025/08/15","2025/08/16","2025/08/16","2025/08/16","1677161084","2","2025/08/15","21:53","2025/08/18","16:07"
"D","2025/08/16","484645","受領","1000020","ｃａｖａｃａｖａ（株式会社ワルツ）","細川大地","","有限会社ミナト商会","","-既定納品場所-","東京都新宿区荒木町9-7ナオビル1階","137639941","","E-殺菌・漂白剤","５ｋｇ","1.00","本","880.00","1.00","本","880","0","880","","外税","2750","0","0","0","0","2750","2025/08/15","2025/08/16","2025/08/16","2025/08/16","1677164230","1","2025/08/15","21:59","2025/08/18","16:07"
"D","2025/08/16","484645","受領","1000020","ｃａｖａｃａｖａ（株式会社ワルツ）","細川大地","","有限会社ミナト商会","","-既定納品場所-","東京都新宿区荒木町9-7ナオビル1階","66391834","","セモリナ粉（細）","1kg","1.00","PC","240.00","1.00","PC","240","0","240","","外税","","","","","","","2025/08/15","2025/08/16","2025/08/16","2025/08/16","1677164230","2","2025/08/15","21:59","2025/08/18","16:07"
"D","2025/08/16","484645","受領","1000020","ｃａｖａｃａｖａ（株式会社ワルツ）","細川大地","","有限会社ミナト商会","","-既定納品場所-","東京都新宿区荒木町9-7ナオビル1階","82826128","","伯方焼塩","1kg","1.00","PC","430.00","1.00","PC","430","0","430","","外税","","","","","","","2025/08/15","2025/08/16","2025/08/16","2025/08/16","1677164230","3","2025/08/15","21:59","2025/08/18","16:07"
"D","2025/08/16","484645","受領","1000020","ｃａｖａｃａｖａ（株式会社ワルツ）","細川大地","","有限会社ミナト商会","","-既定納品場所-","東京都新宿区荒木町9-7ナオビル1階","179565831","","フランス産冷凍　ソシースフュメ","９０ｇＸ４本","1.00","PC","600.00","2.00","PC","1200","0","1200","","外税","","","","","","","2025/08/15","2025/08/16","2025/08/16","2025/08/16","1677164230","4","2025/08/15","21:59","2025/08/18","16:07"
"D","2025/08/19","485217","受領","1000020","ｃａｖａｃａｖａ（株式会社ワルツ）","細川大地","","株式会社ｅｆｆ","","-既定納品場所-","東京都新宿区荒木町9-7ナオビル1階","64597087","","玉子　パック","Lサイズ","0.00","PC","300.00","1.00","PC","300","24","324","","外税","2570","203","0","0","0","2773","2025/08/19","2025/08/19","2025/08/19","2025/08/19","1678375751","1","2025/08/19","00:47","2025/08/20","17:32"
"D","2025/08/19","485217","受領","1000020","ｃａｖａｃａｖａ（株式会社ワルツ）","細川大地","","株式会社ｅｆｆ","","-既定納品場所-","東京都新宿区荒木町9-7ナオビル1階","98916432","","カラフルミニトマト","","0.00","PC","450.00","1.00","PC","450","36","486","","外税","","","","","","","2025/08/19","2025/08/19","2025/08/19","2025/08/19","1678375751","2","2025/08/19","00:47","2025/08/20","17:32"
"D","2025/08/19","485217","受領","1000020","ｃａｖａｃａｖａ（株式会社ワルツ）","細川大地","","株式会社ｅｆｆ","","-既定納品場所-","東京都新宿区荒木町9-7ナオビル1階","64597028","","クレソン","","0.00","束","180.00","1.00","束","180","14","194","","外税","","","","","","","2025/08/19","2025/08/19","2025/08/19","2025/08/19","1678375751","3","2025/08/19","00:47","2025/08/20","17:32"
"D","2025/08/19","485217","受領","1000020","ｃａｖａｃａｖａ（株式会社ワルツ）","細川大地","","株式会社ｅｆｆ","","-既定納品場所-","東京都新宿区荒木町9-7ナオビル1階","64597094","","グレープフルーツ","","0.00","個","200.00","1.00","個","200","16","216","","外税","","","","","","","2025/08/19","2025/08/19","2025/08/19","2025/08/19","1678375751","4","2025/08/19","00:47","2025/08/20","17:32"
"D","2025/08/19","485217","受領","1000020","ｃａｖａｃａｖａ（株式会社ワルツ）","細川大地","","株式会社ｅｆｆ","","-既定納品場所-","東京都新宿区荒木町9-7ナオビル1階","64596735","","ベビーコーン/ヤングコーン","","0.00","PC","220.00","1.00","PC","220","17","237","","外税","","","","","","","2025/08/19","2025/08/19","2025/08/19","2025/08/19","1678375751","5","2025/08/19","00:47","2025/08/20","17:32"
"D","2025/08/19","485217","受領","1000020","ｃａｖａｃａｖａ（株式会社ワルツ）","細川大地","","株式会社ｅｆｆ","","-既定納品場所-","東京都新宿区荒木町9-7ナオビル1階","64596730","","オクラ","","0.00","PC","180.00","1.00","PC","180","14","194","","外税","","","","","","","2025/08/19","2025/08/19","2025/08/19","2025/08/19","1678375751","6","2025/08/19","00:47","2025/08/20","17:32"
"D","2025/08/19","485217","受領","1000020","ｃａｖａｃａｖａ（株式会社ワルツ）","細川大地","","株式会社ｅｆｆ","","-既定納品場所-","東京都新宿区荒木町9-7ナオビル1階","64596678","","ペパーミント","","0.00","PC","280.00","1.00","PC","280","22","302","","外税","","","","","","","2025/08/19","2025/08/19","2025/08/19","2025/08/19","1678375751","7","2025/08/19","00:47","2025/08/20","17:32"
"D","2025/08/19","485217","受領","1000020","ｃａｖａｃａｖａ（株式会社ワルツ）","細川大地","","株式会社ｅｆｆ","","-既定納品場所-","東京都新宿区荒木町9-7ナオビル1階","64596728","","ブロッコリー","","0.00","個","280.00","1.00","個","280","22","302","","外税","","","","","","","2025/08/19","2025/08/19","2025/08/19","2025/08/19","1678375751","8","2025/08/19","00:47","2025/08/20","17:32"
"D","2025/08/19","485217","受領","1000020","ｃａｖａｃａｖａ（株式会社ワルツ）","細川大地","","株式会社ｅｆｆ","","-既定納品場所-","東京都新宿区荒木町9-7ナオビル1階","64596729","","カリフラワー","","0.00","個","480.00","1.00","個","480","38","518","","外税","","","","","","","2025/08/19","2025/08/19","2025/08/19","2025/08/19","1678375751","9","2025/08/19","00:47","2025/08/20","17:32"
"D","2025/08/19","485218","受領","1000020","ｃａｖａｃａｖａ（株式会社ワルツ）","細川大地","","株式会社丸昌","","-既定納品場所-","東京都新宿区荒木町9-7ナオビル1階","65367627","","その他（食品以外の商品）","","0.00","未指定","0.00","1.00","個","0","0","0","","外税","4100","0","0","0","0","4100","2025/08/19","2025/08/19","2025/08/19","2025/08/19","1678375941","1","2025/08/19","00:49","2025/08/20","17:32"
"D","2025/08/19","485218","受領","1000020","ｃａｖａｃａｖａ（株式会社ワルツ）","細川大地","","株式会社丸昌","","-既定納品場所-","東京都新宿区荒木町9-7ナオビル1階","56863232","","オススメ鮮魚情報","鮎苦うるか","0.00","未指定","1900.00","1.00","本","1900","0","1900","","外税","","","","","","","2025/08/19","2025/08/19","2025/08/19","2025/08/19","1678375941","2","2025/08/19","00:49","2025/08/20","17:32"
"D","2025/08/19","485218","受領","1000020","ｃａｖａｃａｖａ（株式会社ワルツ）","細川大地","","株式会社丸昌","","-既定納品場所-","東京都新宿区荒木町9-7ナオビル1階","56863232","","オススメ鮮魚情報","あゆ　１２入","0.00","未指定","220.00","10.00","本","2200","0","2200","","外税","","","","","","","2025/08/19","2025/08/19","2025/08/19","2025/08/19","1678375941","3","2025/08/19","00:49","2025/08/20","17:32"
"D","2025/08/19","485221","受領","1000020","ｃａｖａｃａｖａ（株式会社ワルツ）","細川大地","","有限会社ミナト商会","","-既定納品場所-","東京都新宿区荒木町9-7ナオビル1階","118471219","","マグレカナール","約３００ｇ","1.00","PC","2.90","1620.00","g","4698","0","4698","","外税","7588","0","0","0","0","7588","2025/08/19","2025/08/19","2025/08/19","2025/08/19","1678377234","1","2025/08/19","00:59","2025/08/20","17:32"
"D","2025/08/19","485221","受領","1000020","ｃａｖａｃａｖａ（株式会社ワルツ）","細川大地","","有限会社ミナト商会","","-既定納品場所-","東京都新宿区荒木町9-7ナオビル1階","81863200","","FR　ルッコラセルバチコ","100ｇ","0.00","PC","450.00","1.00","PC","450","0","450","","外税","","","","","","","2025/08/19","2025/08/19","2025/08/19","2025/08/19","1678377234","2","2025/08/19","00:59","2025/08/20","17:32"
"D","2025/08/19","485221","受領","1000020","ｃａｖａｃａｖａ（株式会社ワルツ）","細川大地","","有限会社ミナト商会","","-既定納品場所-","東京都新宿区荒木町9-7ナオビル1階","145165574","","トンマーゾ　EXVオリーブオイル","500ml","0.00","本","2440.00","1.00","本","2440","0","2440","","外税","","","","","","","2025/08/19","2025/08/19","2025/08/19","2025/08/19","1678377234","3","2025/08/19","00:59","2025/08/20","17:32"
"D","2025/08/21","484643","受領","1000020","ｃａｖａｃａｖａ（株式会社ワルツ）","細川大地","","株式会社ＴＡＴＳＵＭＩ","","-既定納品場所-","東京都新宿区荒木町9-7ナオビル1階","169075489","","取寄／日清製粉 テロワール ピュール ２５ｋｇ","25kg","1.00","袋","9750.00","1.00","袋","9750","0","9750","","外税","9750","0","0","0","0","9750","2025/08/15","2025/08/21","2025/08/21","2025/08/21","1677160501","1","2025/08/15","21:52","2025/08/22","19:26"
"D","2025/08/21","485440","受領","1000020","ｃａｖａｃａｖａ（株式会社ワルツ）","前島　瑞","","株式会社ＴＡＴＳＵＭＩ","","-既定納品場所-","東京都新宿区荒木町9-7ナオビル1階","168967634","","トンマーゾ：イントッソ ［ＥＸＶオリーブオイル］ ５００ｍｌ","500ml","1.00","本","2900.00","1.00","本","2900","0","2900","","外税","10100","0","0","0","0","10100","2025/08/20","2025/08/21","2025/08/21","2025/08/21","1679015498","1","2025/08/20","17:32","2025/08/22","19:26"
"D","2025/08/21","485440","受領","1000020","ｃａｖａｃａｖａ（株式会社ワルツ）","前島　瑞","","株式会社ＴＡＴＳＵＭＩ","","-既定納品場所-","東京都新宿区荒木町9-7ナオビル1階","200085145","","テタンジェ  ＢＲＵＴ レゼルヴ","750","1.00","本","3600.00","2.00","本","7200","0","7200","","外税","","","","","","","2025/08/20","2025/08/21","2025/08/21","2025/08/21","1679015498","2","2025/08/20","17:32","2025/08/22","19:26"
"D","2025/08/21","485453","受領","1000020","ｃａｖａｃａｖａ（株式会社ワルツ）","前島　瑞","","株式会社穂高リネンサプライ","","-既定納品場所-","東京都新宿区荒木町9-7ナオビル1階","66177757","","ナフキン","","0.00","未指定","35.00","14.00","枚","490","0","490","","外税","1150","0","0","0","0","1150","","2025/08/21","2025/08/21","2025/08/21","1679041380","1","","","2025/08/22","19:26"
"D","2025/08/21","485453","受領","1000020","ｃａｖａｃａｖａ（株式会社ワルツ）","前島　瑞","","株式会社穂高リネンサプライ","","-既定納品場所-","東京都新宿区荒木町9-7ナオビル1階","66106839","","Ｙシャツ","","0.00","枚","135.00","2.00","枚","270","0","270","","外税","","","","","","","","2025/08/21","2025/08/21","2025/08/21","1679041380","2","","","2025/08/22","19:26"
"D","2025/08/21","485453","受領","1000020","ｃａｖａｃａｖａ（株式会社ワルツ）","前島　瑞","","株式会社穂高リネンサプライ","","-既定納品場所-","東京都新宿区荒木町9-7ナオビル1階","66010254","","コックコート","","0.00","未指定","145.00","2.00","枚","290","0","290","","外税","","","","","","","","2025/08/21","2025/08/21","2025/08/21","1679041380","3","","","2025/08/22","19:26"
"D","2025/08/21","485453","受領","1000020","ｃａｖａｃａｖａ（株式会社ワルツ）","前島　瑞","","株式会社穂高リネンサプライ","","-既定納品場所-","東京都新宿区荒木町9-7ナオビル1階","66106851","","カラーエプロン","","0.00","未指定","100.00","1.00","枚","100","0","100","","外税","","","","","","","","2025/08/21","2025/08/21","2025/08/21","1679041380","4","","","2025/08/22","19:26"
"D","2025/08/21","485497","受領","1000020","ｃａｖａｃａｖａ（株式会社ワルツ）","前島　瑞","","株式会社カクヤス","","-既定納品場所-","東京都新宿区荒木町9-7ナオビル1階","65367630","","サンヘﾟレクﾞリノ  瓶  750（新）　750ML","750ML×12","1.00","本","370.00","3.00","本","1110","0","1110","","外税","1110","0","0","0","0","1110","2025/08/20","2025/08/21","2025/08/21","2025/08/21","1679086205","1","2025/08/20","21:03","2025/08/22","19:26"
"D","2025/08/21","487913","受領","1000020","ｃａｖａｃａｖａ（株式会社ワルツ）","前島　瑞","","有限会社ミナト商会","","-既定納品場所-","東京都新宿区荒木町9-7ナオビル1階","204180984","","トレハロース","2kg","0.00","PC","1260.00","1.00","PC","1260","0","1260","","外税","1260","0","0","0","0","1260","","2025/08/21","2025/08/21","2025/08/21","1683962571","1","","","2025/09/02","01:46"
"D","2025/08/22","485683","受領","1000020","ｃａｖａｃａｖａ（株式会社ワルツ）","細川大地","","株式会社ｅｆｆ","","-既定納品場所-","東京都新宿区荒木町9-7ナオビル1階","64596730","","オクラ","","0.00","PC","150.00","1.00","PC","150","12","162","","外税","4864","382","0","0","0","5246","2025/08/21","2025/08/22","2025/08/22","2025/08/22","1679460589","1","2025/08/21","15:46","2025/08/23","11:38"
"D","2025/08/22","485683","受領","1000020","ｃａｖａｃａｖａ（株式会社ワルツ）","細川大地","","株式会社ｅｆｆ","","-既定納品場所-","東京都新宿区荒木町9-7ナオビル1階","64596735","","ベビーコーン/ヤングコーン","","0.00","PC","220.00","1.00","PC","220","17","237","","外税","","","","","","","2025/08/21","2025/08/22","2025/08/22","2025/08/22","1679460589","2","2025/08/21","15:46","2025/08/23","11:38"
"D","2025/08/22","485683","受領","1000020","ｃａｖａｃａｖａ（株式会社ワルツ）","細川大地","","株式会社ｅｆｆ","","-既定納品場所-","東京都新宿区荒木町9-7ナオビル1階","64597091","","黄パプリカ","","0.00","個","235.00","1.00","個","235","18","253","","外税","","","","","","","2025/08/21","2025/08/22","2025/08/22","2025/08/22","1679460589","3","2025/08/21","15:46","2025/08/23","11:38"
"D","2025/08/22","485683","受領","1000020","ｃａｖａｃａｖａ（株式会社ワルツ）","細川大地","","株式会社ｅｆｆ","","-既定納品場所-","東京都新宿区荒木町9-7ナオビル1階","64597093","","赤パプリカ","","0.00","個","235.00","1.00","個","235","18","253","","外税","","","","","","","2025/08/21","2025/08/22","2025/08/22","2025/08/22","1679460589","4","2025/08/21","15:46","2025/08/23","11:38"
"D","2025/08/22","485683","受領","1000020","ｃａｖａｃａｖａ（株式会社ワルツ）","細川大地","","株式会社ｅｆｆ","","-既定納品場所-","東京都新宿区荒木町9-7ナオビル1階","64596741","","黄ズッキーニ","","0.00","本","380.00","1.00","本","380","30","410","","外税","","","","","","","2025/08/21","2025/08/22","2025/08/22","2025/08/22","1679460589","5","2025/08/21","15:46","2025/08/23","11:38"
"D","2025/08/22","485683","受領","1000020","ｃａｖａｃａｖａ（株式会社ワルツ）","細川大地","","株式会社ｅｆｆ","","-既定納品場所-","東京都新宿区荒木町9-7ナオビル1階","64596729","","カリフラワー","","0.00","個","480.00","1.00","個","480","38","518","","外税","","","","","","","2025/08/21","2025/08/22","2025/08/22","2025/08/22","1679460589","6","2025/08/21","15:46","2025/08/23","11:38"
"D","2025/08/22","485683","受領","1000020","ｃａｖａｃａｖａ（株式会社ワルツ）","細川大地","","株式会社ｅｆｆ","","-既定納品場所-","東京都新宿区荒木町9-7ナオビル1階","64596728","","ブロッコリー","","0.00","個","260.00","2.00","個","520","41","561","","外税","","","","","","","2025/08/21","2025/08/22","2025/08/22","2025/08/22","1679460589","7","2025/08/21","15:46","2025/08/23","11:38"
"D","2025/08/22","485683","受領","1000020","ｃａｖａｃａｖａ（株式会社ワルツ）","細川大地","","株式会社ｅｆｆ","","-既定納品場所-","東京都新宿区荒木町9-7ナオビル1階","94287634","","緑パプリカ","","0.00","個","330.00","1.00","個","330","26","356","","外税","","","","","","","2025/08/21","2025/08/22","2025/08/22","2025/08/22","1679460589","8","2025/08/21","15:46","2025/08/23","11:38"
"D","2025/08/22","485683","受領","1000020","ｃａｖａｃａｖａ（株式会社ワルツ）","細川大地","","株式会社ｅｆｆ","","-既定納品場所-","東京都新宿区荒木町9-7ナオビル1階","190682456","","かぶ","7玉","0.00","束","260.00","1.00","束","260","20","280","","外税","","","","","","","2025/08/21","2025/08/22","2025/08/22","2025/08/22","1679460589","9","2025/08/21","15:46","2025/08/23","11:38"
"D","2025/08/22","485683","受領","1000020","ｃａｖａｃａｖａ（株式会社ワルツ）","細川大地","","株式会社ｅｆｆ","","-既定納品場所-","東京都新宿区荒木町9-7ナオビル1階","154756350","","マイクロ人参葉/キャロットリーフ","","0.00","PC","380.00","1.00","PC","380","30","410","","外税","","","","","","","2025/08/21","2025/08/22","2025/08/22","2025/08/22","1679460589","10","2025/08/21","15:46","2025/08/23","11:38"
"D","2025/08/22","485683","受領","1000020","ｃａｖａｃａｖａ（株式会社ワルツ）","細川大地","","株式会社ｅｆｆ","","-既定納品場所-","東京都新宿区荒木町9-7ナオビル1階","64597082","","水ナス","","0.00","個","200.00","2.00","個","400","32","432","","外税","","","","","","","2025/08/21","2025/08/22","2025/08/22","2025/08/22","1679460589","11","2025/08/21","15:46","2025/08/23","11:38"
"D","2025/08/22","485683","受領","1000020","ｃａｖａｃａｖａ（株式会社ワルツ）","細川大地","","株式会社ｅｆｆ","","-既定納品場所-","東京都新宿区荒木町9-7ナオビル1階","64597090","","とうもろこし","","0.00","本","230.00","1.00","本","230","18","248","","外税","","","","","","","2025/08/21","2025/08/22","2025/08/22","2025/08/22","1679460589","12","2025/08/21","15:46","2025/08/23","11:38"
"D","2025/08/22","485683","受領","1000020","ｃａｖａｃａｖａ（株式会社ワルツ）","細川大地","","株式会社ｅｆｆ","","-既定納品場所-","東京都新宿区荒木町9-7ナオビル1階","64596625","","アボカド","","0.00","個","230.00","1.00","個","230","18","248","","外税","","","","","","","2025/08/21","2025/08/22","2025/08/22","2025/08/22","1679460589","13","2025/08/21","15:46","2025/08/23","11:38"
"D","2025/08/22","485683","受領","1000020","ｃａｖａｃａｖａ（株式会社ワルツ）","細川大地","","株式会社ｅｆｆ","","-既定納品場所-","東京都新宿区荒木町9-7ナオビル1階","168515799","","トマト　バラ","","0.00","個","130.00","1.00","個","130","10","140","","外税","","","","","","","2025/08/21","2025/08/22","2025/08/22","2025/08/22","1679460589","14","2025/08/21","15:46","2025/08/23","11:38"
"D","2025/08/22","485683","受領","1000020","ｃａｖａｃａｖａ（株式会社ワルツ）","細川大地","","株式会社ｅｆｆ","","-既定納品場所-","東京都新宿区荒木町9-7ナオビル1階","64597014","","ベルギーエシャロット","","0.00","kg","1200.00","0.57","kg","684","54","738","","外税","","","","","","","2025/08/21","2025/08/22","2025/08/22","2025/08/22","1679460589","15","2025/08/21","15:46","2025/08/23","11:38"
"D","2025/08/22","485996","受領","1000020","ｃａｖａｃａｖａ（株式会社ワルツ）","前島　瑞","","有限会社ミナト商会","","-既定納品場所-","東京都新宿区荒木町9-7ナオビル1階","64672280","","モンサンミッシェル　ムール貝","１ｋｇ","0.00","kg","3700.00","1.00","PC","3700","0","3700","","外税","3700","0","0","0","0","3700","","2025/08/22","2025/08/22","2025/08/22","1679986845","1","","","2025/08/23","11:38"
"D","2025/08/23","485926","受領","1000020","ｃａｖａｃａｖａ（株式会社ワルツ）","細川大地","","株式会社ｅｆｆ","","-既定納品場所-","東京都新宿区荒木町9-7ナオビル1階","134672870","","ピーテンドリル","","0.00","PC","380.00","1.00","PC","380","30","410","","外税","4880","390","0","0","0","5270","2025/08/22","2025/08/22","2025/08/23","2025/08/23","1679722780","1","2025/08/22","01:18","2025/08/25","15:23"
"D","2025/08/23","485926","受領","1000020","ｃａｖａｃａｖａ（株式会社ワルツ）","細川大地","","株式会社ｅｆｆ","","-既定納品場所-","東京都新宿区荒木町9-7ナオビル1階","64596718","","桃","","0.00","個","450.00","10.00","個","4500","360","4860","","外税","","","","","","","2025/08/22","2025/08/22","2025/08/23","2025/08/23","1679722780","2","2025/08/22","01:18","2025/08/25","15:23"
"D","2025/08/25","486401","受領","1000020","ｃａｖａｃａｖａ（株式会社ワルツ）","前島　瑞","","株式会社穂高リネンサプライ","","-既定納品場所-","東京都新宿区荒木町9-7ナオビル1階","66106839","","Ｙシャツ","","0.00","枚","135.00","1.00","枚","135","0","135","","外税","415","0","0","0","0","415","","2025/08/25","2025/08/25","2025/08/25","1680912227","1","","","2025/08/27","16:31"
"D","2025/08/25","486401","受領","1000020","ｃａｖａｃａｖａ（株式会社ワルツ）","前島　瑞","","株式会社穂高リネンサプライ","","-既定納品場所-","東京都新宿区荒木町9-7ナオビル1階","66177757","","ナフキン","","0.00","未指定","35.00","8.00","枚","280","0","280","","外税","","","","","","","","2025/08/25","2025/08/25","2025/08/25","1680912227","2","","","2025/08/27","16:31"
"D","2025/08/25","486425","受領","1000020","ｃａｖａｃａｖａ（株式会社ワルツ）","前島　瑞","","有限会社ミナト商会","","-既定納品場所-","東京都新宿区荒木町9-7ナオビル1階","118471219","","マグレカナール","約３００ｇ","1.00","PC","2.90","2162.00","g","6269","0","6269","","外税","8219","0","0","0","0","8219","","2025/08/25","2025/08/25","2025/08/25","1681003580","1","","","2025/08/27","16:31"
"D","2025/08/25","486425","受領","1000020","ｃａｖａｃａｖａ（株式会社ワルツ）","前島　瑞","","有限会社ミナト商会","","-既定納品場所-","東京都新宿区荒木町9-7ナオビル1階","81863220","","オリコープ　ライプオリーヴ　スライス","4号","1.00","缶","390.00","5.00","缶","1950","0","1950","","外税","","","","","","","","2025/08/25","2025/08/25","2025/08/25","1681003580","2","","","2025/08/27","16:31"
"D","2025/08/26","486165","受領","1000020","ｃａｖａｃａｖａ（株式会社ワルツ）","細川大地","","鈴商ミートサプライ株式会社","","-既定納品場所-","東京都新宿区荒木町9-7ナオビル1階","195469673","","山西牧場 三右衛門肩ロースブロック","","0.00","未指定","2500.00","4.21","kg","10525","0","10525","","外税","10525","0","0","0","0","10525","2025/08/23","2025/08/26","2025/08/26","2025/08/26","1680369548","1","2025/08/23","17:26","2025/08/27","16:31"
"D","2025/08/26","486166","受領","1000020","ｃａｖａｃａｖａ（株式会社ワルツ）","細川大地","","株式会社東京めいらく","","-既定納品場所-","東京都新宿区荒木町9-7ナオビル1階","56150496","","牛乳","１Ｌ　成分無調整","12.00","C/S","245.00","1.00","本","245","0","245","","外税","2001","0","0","0","0","2001","2025/08/23","2025/08/25","2025/08/26","2025/08/26","1680370089","1","2025/08/23","17:27","2025/08/27","16:31"
"D","2025/08/26","486166","受領","1000020","ｃａｖａｃａｖａ（株式会社ワルツ）","細川大地","","株式会社東京めいらく","","-既定納品場所-","東京都新宿区荒木町9-7ナオビル1階","67893516","","Ｆ）スポンジケーキ６号","","12.00","C/S","590.00","1.00","箱","590","0","590","","外税","","","","","","","2025/08/23","2025/08/25","2025/08/26","2025/08/26","1680370089","2","2025/08/23","17:27","2025/08/27","16:31"
"D","2025/08/26","486166","受領","1000020","ｃａｖａｃａｖａ（株式会社ワルツ）","細川大地","","株式会社東京めいらく","","-既定納品場所-","東京都新宿区荒木町9-7ナオビル1階","56150519","","北海道フレッシュクリーム３８％　１Ｌ","１Ｌ","1.00","本","1166.00","1.00","本","1166","0","1166","","外税","","","","","","","2025/08/23","2025/08/25","2025/08/26","2025/08/26","1680370089","3","2025/08/23","17:27","2025/08/27","16:31"
"D","2025/08/26","486462","受領","1000020","ｃａｖａｃａｖａ（株式会社ワルツ）","細川大地","","有限会社ミナト商会","","-既定納品場所-","東京都新宿区荒木町9-7ナオビル1階","64328401","","G　マスタードシード（ホール）","100g","1.00","PC","220.00","2.00","PC","440","0","440","","外税","5290","0","0","0","0","5290","2025/08/25","2025/08/26","2025/08/26","2025/08/26","1681106201","1","2025/08/25","15:47","2025/08/27","16:31"
"D","2025/08/26","486462","受領","1000020","ｃａｖａｃａｖａ（株式会社ワルツ）","細川大地","","有限会社ミナト商会","","-既定納品場所-","東京都新宿区荒木町9-7ナオビル1階","70913382","","G　コリアンダー（ホール）","100g","1.00","PC","300.00","2.00","PC","600","0","600","","外税","","","","","","","2025/08/25","2025/08/26","2025/08/26","2025/08/26","1681106201","2","2025/08/25","15:47","2025/08/27","16:31"
"D","2025/08/26","486462","受領","1000020","ｃａｖａｃａｖａ（株式会社ワルツ）","細川大地","","有限会社ミナト商会","","-既定納品場所-","東京都新宿区荒木町9-7ナオビル1階","151444799","","キスコ　トマトコンソメ","","0.00","PC","1350.00","1.00","PC","1350","0","1350","","外税","","","","","","","2025/08/25","2025/08/26","2025/08/26","2025/08/26","1681106201","3","2025/08/25","15:47","2025/08/27","16:31"
"D","2025/08/26","486462","受領","1000020","ｃａｖａｃａｖａ（株式会社ワルツ）","細川大地","","有限会社ミナト商会","","-既定納品場所-","東京都新宿区荒木町9-7ナオビル1階","133201663","","シークラムジュース","1.36L","0.00","缶","1100.00","1.00","缶","1100","0","1100","","外税","","","","","","","2025/08/25","2025/08/26","2025/08/26","2025/08/26","1681106201","4","2025/08/25","15:47","2025/08/27","16:31"
"D","2025/08/26","486462","受領","1000020","ｃａｖａｃａｖａ（株式会社ワルツ）","細川大地","","有限会社ミナト商会","","-既定納品場所-","東京都新宿区荒木町9-7ナオビル1階","65277541","","板ゼラチン　シルバー（エバルト）","500ｇ","1.00","箱","1800.00","1.00","箱","1800","0","1800","","外税","","","","","","","2025/08/25","2025/08/26","2025/08/26","2025/08/26","1681106201","5","2025/08/25","15:47","2025/08/27","16:31"
"D","2025/08/26","486463","受領","1000020","ｃａｖａｃａｖａ（株式会社ワルツ）","細川大地","","株式会社ｅｆｆ","","-既定納品場所-","東京都新宿区荒木町9-7ナオビル1階","64596730","","オクラ","","0.00","PC","150.00","1.00","PC","150","12","162","","外税","1749","138","0","0","0","1887","2025/08/25","2025/08/26","2025/08/26","2025/08/26","1681107098","1","2025/08/25","15:48","2025/08/27","16:31"
"D","2025/08/26","486463","受領","1000020","ｃａｖａｃａｖａ（株式会社ワルツ）","細川大地","","株式会社ｅｆｆ","","-既定納品場所-","東京都新宿区荒木町9-7ナオビル1階","64596735","","ベビーコーン/ヤングコーン","","0.00","PC","220.00","1.00","PC","220","17","237","","外税","","","","","","","2025/08/25","2025/08/26","2025/08/26","2025/08/26","1681107098","2","2025/08/25","15:48","2025/08/27","16:31"
"D","2025/08/26","486463","受領","1000020","ｃａｖａｃａｖａ（株式会社ワルツ）","細川大地","","株式会社ｅｆｆ","","-既定納品場所-","東京都新宿区荒木町9-7ナオビル1階","64597028","","クレソン","","0.00","束","180.00","1.00","束","180","14","194","","外税","","","","","","","2025/08/25","2025/08/26","2025/08/26","2025/08/26","1681107098","3","2025/08/25","15:48","2025/08/27","16:31"
"D","2025/08/26","486463","受領","1000020","ｃａｖａｃａｖａ（株式会社ワルツ）","細川大地","","株式会社ｅｆｆ","","-既定納品場所-","東京都新宿区荒木町9-7ナオビル1階","64597018","","ディル/ディール","","0.00","PC","280.00","1.00","PC","280","22","302","","外税","","","","","","","2025/08/25","2025/08/26","2025/08/26","2025/08/26","1681107098","4","2025/08/25","15:48","2025/08/27","16:31"
"D","2025/08/26","486463","受領","1000020","ｃａｖａｃａｖａ（株式会社ワルツ）","細川大地","","株式会社ｅｆｆ","","-既定納品場所-","東京都新宿区荒木町9-7ナオビル1階","64597004","","玉ねぎ","","0.00","kg","230.00","2.04","kg","469","37","506","","外税","","","","","","","2025/08/25","2025/08/26","2025/08/26","2025/08/26","1681107098","5","2025/08/25","15:48","2025/08/27","16:31"
"D","2025/08/26","486463","受領","1000020","ｃａｖａｃａｖａ（株式会社ワルツ）","細川大地","","株式会社ｅｆｆ","","-既定納品場所-","東京都新宿区荒木町9-7ナオビル1階","64596741","","黄ズッキーニ","","0.00","本","450.00","1.00","本","450","36","486","","外税","","","","","","","2025/08/25","2025/08/26","2025/08/26","2025/08/26","1681107098","6","2025/08/25","15:48","2025/08/27","16:31"
"D","2025/08/26","486483","受領","1000020","ｃａｖａｃａｖａ（株式会社ワルツ）","細川大地","","有限会社ミナト商会","","-既定納品場所-","東京都新宿区荒木町9-7ナオビル1階","77237778","","KULクリブランコ白ワイン","3L","1.00","箱","1680.00","1.00","箱","1680","0","1680","","外税","1680","0","0","0","0","1680","2025/08/25","2025/08/26","2025/08/26","2025/08/26","1681152085","1","2025/08/25","17:07","2025/08/27","16:31"
"D","2025/08/26","486532","受領","1000020","ｃａｖａｃａｖａ（株式会社ワルツ）","細川大地","","有限会社ミナト商会","","-既定納品場所-","東京都新宿区荒木町9-7ナオビル1階","69385511","","トリモリーヌ（転化糖）","7kg","0.00","缶","5350.00","1.00","缶","5350","0","5350","","外税","5350","0","0","0","0","5350","2025/08/25","2025/08/26","2025/08/26","2025/08/26","1681239078","1","2025/08/25","21:11","2025/08/28","15:41"
"D","2025/08/26","486609","受領","1000020","ｃａｖａｃａｖａ（株式会社ワルツ）","細川大地","","有限会社ミナト商会","","-既定納品場所-","東京都新宿区荒木町9-7ナオビル1階","82617432","","牛トリッパ","","0.00","kg","1.25","0.00","g","0","0","0","","外税","2130","0","0","0","0","2130","2025/08/26","2025/08/26","2025/08/26","2025/08/26","1681359872","1","2025/08/26","02:16","2025/08/27","16:31"
"D","2025/08/26","486609","受領","1000020","ｃａｖａｃａｖａ（株式会社ワルツ）","細川大地","","有限会社ミナト商会","","-既定納品場所-","東京都新宿区荒木町9-7ナオビル1階","118058067","","イタリア産　仔牛ハチノス","約500ｇ","0.00","未指定","2.13","1000.00","g","2130","0","2130","","外税","","","","","","","2025/08/26","2025/08/26","2025/08/26","2025/08/26","1681359872","2","2025/08/26","02:16","2025/08/27","16:31"
"D","2025/08/26","486610","受領","1000020","ｃａｖａｃａｖａ（株式会社ワルツ）","細川大地","","有限会社ミナト商会","","-既定納品場所-","東京都新宿区荒木町9-7ナオビル1階","92997983","","フード　チェーチ　（ヒヨコ豆）","500g","1.00","PC","730.00","1.00","PC","730","0","730","","外税","730","0","0","0","0","730","2025/08/26","2025/08/26","2025/08/26","2025/08/26","1681360076","1","2025/08/26","02:19","2025/08/27","16:31"
"D","2025/08/27","486676","受領","1000020","ｃａｖａｃａｖａ（株式会社ワルツ）","前島　瑞","","株式会社武蔵屋","","-既定納品場所-","東京都新宿区荒木町9-7ナオビル1階","55950273","","カンパリ　750ml","750ml","1.00","本","1630.00","1.00","本","1630","163","1793","","外税","4780","478","0","0","0","5258","2025/08/26","2025/08/27","2025/08/27","2025/08/27","1681572465","1","2025/08/26","16:40","2025/08/28","15:41"
"D","2025/08/27","486676","受領","1000020","ｃａｖａｃａｖａ（株式会社ワルツ）","前島　瑞","","株式会社武蔵屋","","-既定納品場所-","東京都新宿区荒木町9-7ナオビル1階","61423298","","コッケル・カルヴァドス フィーヌ","700ml","1.00","本","3150.00","1.00","本","3150","315","3465","","外税","","","","","","","2025/08/26","2025/08/27","2025/08/27","2025/08/27","1681572465","2","2025/08/26","16:40","2025/08/28","15:41"
"D","2025/08/28","486838","受領","1000020","ｃａｖａｃａｖａ（株式会社ワルツ）","細川大地","","株式会社ｅｆｆ","","-既定納品場所-","東京都新宿区荒木町9-7ナオビル1階","64597029","","赤水菜","","0.00","PC","350.00","1.00","PC","350","28","378","","外税","1320","104","0","0","0","1424","2025/08/27","2025/08/28","2025/08/28","2025/08/28","1681947784","1","2025/08/27","16:10","2025/08/30","14:11"
"D","2025/08/28","486838","受領","1000020","ｃａｖａｃａｖａ（株式会社ワルツ）","細川大地","","株式会社ｅｆｆ","","-既定納品場所-","東京都新宿区荒木町9-7ナオビル1階","64597082","","水ナス","","0.00","個","230.00","1.00","個","230","18","248","","外税","","","","","","","2025/08/27","2025/08/28","2025/08/28","2025/08/28","1681947784","2","2025/08/27","16:10","2025/08/30","14:11"
"D","2025/08/28","486838","受領","1000020","ｃａｖａｃａｖａ（株式会社ワルツ）","細川大地","","株式会社ｅｆｆ","","-既定納品場所-","東京都新宿区荒木町9-7ナオビル1階","64597087","","玉子　パック","Lサイズ","0.00","PC","300.00","1.00","PC","300","24","324","","外税","","","","","","","2025/08/27","2025/08/28","2025/08/28","2025/08/28","1681947784","3","2025/08/27","16:10","2025/08/30","14:11"
"D","2025/08/28","486838","受領","1000020","ｃａｖａｃａｖａ（株式会社ワルツ）","細川大地","","株式会社ｅｆｆ","","-既定納品場所-","東京都新宿区荒木町9-7ナオビル1階","64596728","","ブロッコリー","","0.00","個","260.00","1.00","個","260","20","280","","外税","","","","","","","2025/08/27","2025/08/28","2025/08/28","2025/08/28","1681947784","4","2025/08/27","16:10","2025/08/30","14:11"
"D","2025/08/28","486838","受領","1000020","ｃａｖａｃａｖａ（株式会社ワルツ）","細川大地","","株式会社ｅｆｆ","","-既定納品場所-","東京都新宿区荒木町9-7ナオビル1階","64597028","","クレソン","","0.00","束","180.00","1.00","束","180","14","194","","外税","","","","","","","2025/08/27","2025/08/28","2025/08/28","2025/08/28","1681947784","5","2025/08/27","16:10","2025/08/30","14:11"
"D","2025/08/28","486900","受領","1000020","ｃａｖａｃａｖａ（株式会社ワルツ）","前島　瑞","","株式会社穂高リネンサプライ","","-既定納品場所-","東京都新宿区荒木町9-7ナオビル1階","66177757","","ナフキン","","0.00","未指定","35.00","25.00","枚","875","0","875","","外税","1145","0","0","0","0","1145","","2025/08/28","2025/08/28","2025/08/28","1682016743","1","","","2025/08/30","14:11"
"D","2025/08/28","486900","受領","1000020","ｃａｖａｃａｖａ（株式会社ワルツ）","前島　瑞","","株式会社穂高リネンサプライ","","-既定納品場所-","東京都新宿区荒木町9-7ナオビル1階","66106839","","Ｙシャツ","","0.00","枚","135.00","2.00","枚","270","0","270","","外税","","","","","","","","2025/08/28","2025/08/28","2025/08/28","1682016743","2","","","2025/08/30","14:11"
"D","2025/08/28","486932","受領","1000020","ｃａｖａｃａｖａ（株式会社ワルツ）","細川大地","","株式会社ｅｆｆ","","-既定納品場所-","東京都新宿区荒木町9-7ナオビル1階","64596592","","みょうが","","0.00","PC","230.00","4.00","PC","920","73","993","","外税","920","73","0","0","0","993","2025/08/27","2025/08/28","2025/08/28","2025/08/28","1682072245","1","2025/08/27","21:22","2025/08/30","14:11"
"D","2025/08/28","486933","受領","1000020","ｃａｖａｃａｖａ（株式会社ワルツ）","細川大地","","株式会社丸昌","","-既定納品場所-","東京都新宿区荒木町9-7ナオビル1階","65367627","","その他（食品以外の商品）","","0.00","未指定","0.00","0.00","個","0","0","0","","外税","7900","0","0","0","0","7900","2025/08/27","2025/08/28","2025/08/28","2025/08/28","1682075479","1","2025/08/27","21:28","2025/08/30","14:11"
"D","2025/08/28","486933","受領","1000020","ｃａｖａｃａｖａ（株式会社ワルツ）","細川大地","","株式会社丸昌","","-既定納品場所-","東京都新宿区荒木町9-7ナオビル1階","56863232","","オススメ鮮魚情報","ホウボウ","0.00","未指定","2400.00","1.50","kg","3600","0","3600","","外税","","","","","","","2025/08/27","2025/08/28","2025/08/28","2025/08/28","1682075479","2","2025/08/27","21:28","2025/08/30","14:11"
"D","2025/08/28","486933","受領","1000020","ｃａｖａｃａｖａ（株式会社ワルツ）","細川大地","","株式会社丸昌","","-既定納品場所-","東京都新宿区荒木町9-7ナオビル1階","56863232","","オススメ鮮魚情報","冷凍甘エビ　２L","0.00","未指定","4300.00","1.00","枚","4300","0","4300","","外税","","","","","","","2025/08/27","2025/08/28","2025/08/28","2025/08/28","1682075479","3","2025/08/27","21:28","2025/08/30","14:11"
"D","2025/08/29","487087","受領","1000020","ｃａｖａｃａｖａ（株式会社ワルツ）","前島　瑞","","株式会社カクヤス","","-既定納品場所-","東京都新宿区荒木町9-7ナオビル1階","65367630","","サンヘﾟレクﾞリノ  瓶  750（新）　750ML","750ML×12","1.00","本","370.00","2.00","本","740","0","740","","外税","1316","0","0","0","0","1316","2025/08/28","2025/08/29","2025/08/29","2025/08/29","1682430629","1","2025/08/28","15:42","2025/08/30","14:11"
"D","2025/08/29","487087","受領","1000020","ｃａｖａｃａｖａ（株式会社ワルツ）","前島　瑞","","株式会社カクヤス","","-既定納品場所-","東京都新宿区荒木町9-7ナオビル1階","94928124","","サッポロ  ラガー  中瓶（赤星）　500ML","500ML×20","20.00","本","288.00","2.00","本","576","0","576","","外税","","","","","","","2025/08/28","2025/08/29","2025/08/29","2025/08/29","1682430629","2","2025/08/28","15:42","2025/08/30","14:11"
"D","2025/08/29","487419","受領","1000020","ｃａｖａｃａｖａ（株式会社ワルツ）","前島　瑞","","有限会社ミナト商会","","-既定納品場所-","東京都新宿区荒木町9-7ナオビル1階","64672280","","モンサンミッシェル　ムール貝","１ｋｇ","0.00","kg","3700.00","1.00","PC","3700","0","3700","","外税","3700","0","0","0","0","3700","","2025/08/29","2025/08/29","2025/08/29","1682919453","1","","","2025/08/30","14:11"
"D","2025/08/29","487712","赤伝票受領","1000020","ｃａｖａｃａｖａ（株式会社ワルツ）","前島　瑞","","株式会社カクヤス","","-既定納品場所-","東京都新宿区荒木町9-7ナオビル1階","65367630","","サンヘﾟレクﾞリノ  瓶  750（新）　750ML","750ML×12","1.00","本","370.00","-2.00","本","-740","0","-740","","外税","-1316","0","0","0","0","-1316","2025/08/28","2025/08/29","2025/08/29","2025/08/29","1683617875","1","","","2025/09/02","01:46"
"D","2025/08/29","487712","赤伝票受領","1000020","ｃａｖａｃａｖａ（株式会社ワルツ）","前島　瑞","","株式会社カクヤス","","-既定納品場所-","東京都新宿区荒木町9-7ナオビル1階","94928124","","サッポロ  ラガー  中瓶（赤星）　500ML","500ML×20","20.00","本","288.00","-2.00","本","-576","0","-576","","外税","","","","","","","2025/08/28","2025/08/29","2025/08/29","2025/08/29","1683617875","2","","","2025/09/02","01:46"
"D","2025/08/31","487924","受領","1000020","ｃａｖａｃａｖａ（株式会社ワルツ）","前島　瑞","","株式会社カクヤス","","-既定納品場所-","東京都新宿区荒木町9-7ナオビル1階","57672045","","雑びん回収処理委託費","","0.00","件","1000.00","1.00","件","1000","0","1000","","外税","1000","0","0","0","0","1000","","2025/08/31","2025/08/31","2025/08/31","1683981031","1","","","2025/09/02","01:46"
"D","2025/08/31","488218","受領","1000020","ｃａｖａｃａｖａ（株式会社ワルツ）","前島　瑞","","株式会社穂高リネンサプライ","","-既定納品場所-","東京都新宿区荒木町9-7ナオビル1階","66177747","","オシボリ@","","0.00","未指定","10350.00","1.00","枚","10350","0","10350","","外税","10350","0","0","0","0","10350","","2025/08/31","2025/08/31","2025/08/31","1684523177","1","","","2025/09/02","17:18"
"F"
